,Unnamed: 0,car_age,km_driven,price_new,accident_count,door_count,fuel,transmission,y_pred,timestamp,y_true
0,0,9.0,96276.0,36603.0,4.0,4.0,gas,manual,3785.0,2017-02-16 16:00:00.000,2945.0
1,1,12.0,25303.0,22210.0,2.0,5.0,gas,manual,4134.0,2017-02-16 16:00:33.600,2966.0
2,2,11.0,143756.0,23364.0,1.0,4.0,gas,automatic,2748.0,2017-02-16 16:01:07.200,1833.0
3,3,10.0,88496.0,37141.0,5.0,3.0,electric,manual,3488.0,2017-02-16 16:01:40.800,2973.0
4,4,18.0,110028.0,43042.0,1.0,4.0,gas,manual,3915.0,2017-02-16 16:02:14.400,4878.0
5,5,15.0,108313.0,33293.0,1.0,4.0,electric,manual,4809.0,2017-02-16 16:02:48.000,4032.0
6,6,10.0,114963.0,26071.0,2.0,2.0,electric,manual,5082.0,2017-02-16 16:03:21.600,6396.0
7,7,8.0,92998.0,33641.0,5.0,4.0,electric,manual,3321.0,2017-02-16 16:03:55.200,3960.0
8,8,17.0,97479.0,43628.0,5.0,3.0,electric,manual,2311.0,2017-02-16 16:04:28.800,1538.0
9,9,9.0,95481.0,24619.0,3.0,4.0,diesel,manual,2451.0,2017-02-16 16:05:02.400,3418.0
10,10,4.0,131762.0,30811.0,3.0,4.0,electric,manual,5582.0,2017-02-16 16:05:36.000,3820.0
11,11,17.0,137970.0,28163.0,2.0,5.0,gas,manual,1399.0,2017-02-16 16:06:09.600,857.0
12,12,16.0,110498.0,32441.0,1.0,4.0,gas,manual,3488.0,2017-02-16 16:06:43.200,3140.0
13,13,13.0,157151.0,23982.0,1.0,3.0,gas,automatic,2266.0,2017-02-16 16:07:16.800,3237.0
14,14,16.0,48386.0,42278.0,2.0,2.0,gas,automatic,4934.0,2017-02-16 16:07:50.400,5770.0
15,15,15.0,36440.0,44896.0,1.0,5.0,electric,automatic,7289.0,2017-02-16 16:08:24.000,6280.0
16,16,9.0,173810.0,32651.0,3.0,5.0,diesel,manual,1706.0,2017-02-16 16:08:57.600,1131.0
17,17,3.0,97205.0,38666.0,5.0,4.0,electric,automatic,5297.0,2017-02-16 16:09:31.200,6447.0
18,18,10.0,47441.0,32333.0,3.0,4.0,electric,manual,5697.0,2017-02-16 16:10:04.800,4245.0
19,19,14.0,53143.0,24804.0,1.0,5.0,diesel,automatic,2815.0,2017-02-16 16:10:38.400,2519.0
20,20,8.0,181822.0,34041.0,3.0,4.0,diesel,automatic,1738.0,2017-02-16 16:11:12.000,1856.0
21,21,13.0,144258.0,37290.0,5.0,4.0,electric,manual,2065.0,2017-02-16 16:11:45.600,1492.0
22,22,9.0,164554.0,34433.0,3.0,4.0,electric,manual,3355.0,2017-02-16 16:12:19.200,4816.0
23,23,14.0,25241.0,40124.0,3.0,2.0,electric,automatic,6050.0,2017-02-16 16:12:52.800,6702.0
24,24,9.0,95865.0,35356.0,1.0,4.0,diesel,automatic,5548.0,2017-02-16 16:13:26.400,7113.0
25,25,9.0,34483.0,41521.0,4.0,4.0,gas,automatic,5086.0,2017-02-16 16:14:00.000,4445.0
26,26,4.0,117295.0,33211.0,3.0,3.0,gas,automatic,4981.0,2017-02-16 16:14:33.600,5083.0
27,27,6.0,31986.0,24459.0,1.0,4.0,gas,manual,8959.0,2017-02-16 16:15:07.200,9920.0
28,28,11.0,120924.0,40559.0,1.0,4.0,electric,automatic,6193.0,2017-02-16 16:15:40.800,6727.0
29,29,9.0,60272.0,38118.0,1.0,4.0,electric,automatic,9845.0,2017-02-16 16:16:14.400,8573.0
30,30,2.0,129369.0,45514.0,4.0,3.0,diesel,automatic,4250.0,2017-02-16 16:16:48.000,5036.0
31,31,12.0,182417.0,43973.0,1.0,3.0,gas,automatic,3893.0,2017-02-16 16:17:21.600,3999.0
32,32,20.0,31662.0,34613.0,4.0,5.0,gas,manual,1961.0,2017-02-16 16:17:55.200,920.0
33,33,18.0,147028.0,46455.0,5.0,4.0,diesel,manual,879.0,2017-02-16 16:18:28.800,816.0
34,34,18.0,81140.0,29632.0,2.0,5.0,gas,manual,2064.0,2017-02-16 16:19:02.400,3297.0
35,35,13.0,158522.0,39592.0,1.0,2.0,electric,manual,5523.0,2017-02-16 16:19:36.000,4587.0
36,36,15.0,108135.0,27946.0,1.0,4.0,gas,manual,3497.0,2017-02-16 16:20:09.600,4268.0
37,37,4.0,76286.0,32852.0,1.0,2.0,electric,manual,13354.0,2017-02-16 16:20:43.200,15049.0
38,38,18.0,119477.0,33238.0,3.0,5.0,gas,manual,1432.0,2017-02-16 16:21:16.800,1443.0
39,39,4.0,133247.0,28914.0,3.0,4.0,gas,manual,4132.0,2017-02-16 16:21:50.400,3599.0
40,40,6.0,161398.0,29501.0,3.0,5.0,gas,manual,2876.0,2017-02-16 16:22:24.000,1939.0
41,41,12.0,84369.0,39609.0,3.0,5.0,electric,manual,4401.0,2017-02-16 16:22:57.600,4102.0
42,42,6.0,99067.0,35762.0,3.0,5.0,diesel,manual,4338.0,2017-02-16 16:23:31.200,4357.0
43,43,8.0,101072.0,33585.0,1.0,5.0,gas,manual,6628.0,2017-02-16 16:24:04.800,8168.0
44,44,16.0,158900.0,25601.0,3.0,4.0,gas,automatic,1015.0,2017-02-16 16:24:38.400,1058.0
45,45,15.0,77764.0,41637.0,1.0,3.0,gas,manual,6020.0,2017-02-16 16:25:12.000,8817.0
46,46,20.0,13899.0,32239.0,1.0,5.0,diesel,manual,3228.0,2017-02-16 16:25:45.600,4660.0
47,47,9.0,131171.0,29541.0,3.0,4.0,diesel,manual,2171.0,2017-02-16 16:26:19.200,2570.0
48,48,14.0,43215.0,25707.0,5.0,4.0,gas,automatic,1420.0,2017-02-16 16:26:52.800,2147.0
49,49,4.0,131342.0,48162.0,1.0,2.0,gas,automatic,11062.0,2017-02-16 16:27:26.400,12384.0
50,50,6.0,54151.0,41814.0,2.0,4.0,gas,manual,10007.0,2017-02-16 16:28:00.000,8950.0
51,51,4.0,82869.0,36230.0,2.0,5.0,diesel,manual,7639.0,2017-02-16 16:28:33.600,8771.0
52,52,11.0,102810.0,33437.0,1.0,4.0,electric,manual,6342.0,2017-02-16 16:29:07.200,7506.0
53,53,8.0,62036.0,36091.0,3.0,4.0,electric,automatic,6094.0,2017-02-16 16:29:40.800,5373.0
54,54,4.0,143371.0,31758.0,1.0,3.0,gas,automatic,6890.0,2017-02-16 16:30:14.400,7487.0
55,55,14.0,115807.0,41891.0,1.0,4.0,electric,manual,5976.0,2017-02-16 16:30:48.000,4697.0
56,56,8.0,144722.0,43891.0,5.0,3.0,electric,manual,3921.0,2017-02-16 16:31:21.600,3768.0
57,57,4.0,147163.0,39138.0,5.0,4.0,gas,manual,3074.0,2017-02-16 16:31:55.200,3319.0
58,58,4.0,15652.0,30988.0,2.0,4.0,electric,manual,13044.0,2017-02-16 16:32:28.800,12054.0
59,59,11.0,98357.0,36817.0,2.0,5.0,gas,manual,4261.0,2017-02-16 16:33:02.400,4775.0
60,60,14.0,161552.0,36100.0,1.0,5.0,diesel,automatic,1662.0,2017-02-16 16:33:36.000,985.0
61,61,13.0,168103.0,30591.0,1.0,5.0,electric,automatic,2773.0,2017-02-16 16:34:09.600,2381.0
62,62,17.0,113525.0,34399.0,5.0,5.0,electric,automatic,1075.0,2017-02-16 16:34:43.200,1493.0
63,63,13.0,147223.0,20887.0,2.0,5.0,diesel,automatic,1041.0,2017-02-16 16:35:16.800,592.0
64,64,9.0,49633.0,41759.0,3.0,5.0,diesel,manual,4921.0,2017-02-16 16:35:50.400,6573.0
65,65,7.0,53110.0,36144.0,3.0,4.0,diesel,automatic,4892.0,2017-02-16 16:36:24.000,4380.0
66,66,18.0,77471.0,44305.0,2.0,5.0,gas,manual,3401.0,2017-02-16 16:36:57.600,3144.0
67,67,17.0,110486.0,20418.0,3.0,5.0,gas,automatic,899.0,2017-02-16 16:37:31.200,1066.0
68,68,13.0,169315.0,39252.0,4.0,5.0,diesel,automatic,689.0,2017-02-16 16:38:04.800,1053.0
69,69,9.0,47640.0,39281.0,1.0,4.0,gas,manual,11364.0,2017-02-16 16:38:38.400,11847.0
70,70,15.0,28198.0,31814.0,1.0,2.0,gas,automatic,5885.0,2017-02-16 16:39:12.000,6745.0
71,71,6.0,189357.0,19143.0,2.0,5.0,diesel,manual,1669.0,2017-02-16 16:39:45.600,1646.0
72,72,2.0,9146.0,36384.0,1.0,4.0,diesel,manual,20644.0,2017-02-16 16:40:19.200,22850.0
73,73,12.0,147911.0,30936.0,1.0,3.0,electric,automatic,4400.0,2017-02-16 16:40:52.800,3019.0
74,74,14.0,24986.0,36299.0,4.0,5.0,electric,automatic,3263.0,2017-02-16 16:41:26.400,3317.0
75,75,16.0,164402.0,36635.0,3.0,5.0,electric,automatic,1627.0,2017-02-16 16:42:00.000,925.0
76,76,15.0,189293.0,24813.0,2.0,4.0,gas,manual,1412.0,2017-02-16 16:42:33.600,1583.0
77,77,10.0,17938.0,28318.0,5.0,4.0,gas,manual,3222.0,2017-02-16 16:43:07.200,2927.0
78,78,10.0,36996.0,25115.0,2.0,2.0,electric,manual,7114.0,2017-02-16 16:43:40.800,6566.0
79,79,18.0,72405.0,37990.0,2.0,4.0,gas,manual,3190.0,2017-02-16 16:44:14.400,2660.0
80,80,13.0,119253.0,27929.0,2.0,4.0,diesel,manual,2301.0,2017-02-16 16:44:48.000,2877.0
81,81,14.0,96699.0,35989.0,4.0,4.0,gas,automatic,1691.0,2017-02-16 16:45:21.600,1504.0
82,82,11.0,32898.0,46436.0,2.0,5.0,electric,manual,9529.0,2017-02-16 16:45:55.200,10539.0
83,83,12.0,9909.0,24692.0,3.0,4.0,gas,manual,4250.0,2017-02-16 16:46:28.800,5194.0
84,84,4.0,194911.0,26132.0,3.0,3.0,gas,manual,2907.0,2017-02-16 16:47:02.400,2206.0
85,85,16.0,111963.0,29221.0,4.0,4.0,gas,automatic,986.0,2017-02-16 16:47:36.000,1492.0
86,86,4.0,138058.0,38496.0,4.0,5.0,gas,manual,4057.0,2017-02-16 16:48:09.600,4274.0
87,87,9.0,68350.0,31031.0,1.0,3.0,diesel,manual,7057.0,2017-02-16 16:48:43.200,7763.0
88,88,5.0,160777.0,45841.0,2.0,4.0,electric,manual,8172.0,2017-02-16 16:49:16.800,7141.0
89,89,9.0,63236.0,36342.0,1.0,4.0,gas,manual,8654.0,2017-02-16 16:49:50.400,10121.0
90,90,4.0,69378.0,30604.0,2.0,4.0,gas,manual,8623.0,2017-02-16 16:50:24.000,8229.0
91,91,12.0,46241.0,30276.0,2.0,5.0,diesel,manual,3715.0,2017-02-16 16:50:57.600,2530.0
92,92,3.0,132848.0,30096.0,5.0,5.0,electric,manual,3347.0,2017-02-16 16:51:31.200,3179.0
93,93,17.0,62474.0,29504.0,1.0,4.0,gas,manual,3951.0,2017-02-16 16:52:04.800,3905.0
94,94,18.0,150902.0,22872.0,3.0,4.0,diesel,automatic,619.0,2017-02-16 16:52:38.400,273.0
95,95,7.0,130016.0,42712.0,4.0,4.0,gas,manual,3701.0,2017-02-16 16:53:12.000,2474.0
96,96,9.0,131473.0,35060.0,2.0,5.0,diesel,manual,2923.0,2017-02-16 16:53:45.600,2161.0
97,97,13.0,90336.0,28928.0,1.0,3.0,gas,automatic,4112.0,2017-02-16 16:54:19.200,5195.0
98,98,15.0,23433.0,32181.0,1.0,4.0,gas,manual,6035.0,2017-02-16 16:54:52.800,6516.0
99,99,18.0,73638.0,30290.0,3.0,5.0,electric,manual,2272.0,2017-02-16 16:55:26.400,2952.0
100,100,14.0,153910.0,31387.0,4.0,4.0,electric,manual,2336.0,2017-02-16 16:56:00.000,2231.0
101,101,10.0,157893.0,39816.0,2.0,5.0,gas,manual,3509.0,2017-02-16 16:56:33.600,3949.0
102,102,11.0,78107.0,36612.0,2.0,4.0,gas,manual,5239.0,2017-02-16 16:57:07.200,6414.0
103,103,8.0,28118.0,38694.0,2.0,4.0,gas,automatic,9330.0,2017-02-16 16:57:40.800,7488.0
104,104,1.0,162499.0,29635.0,1.0,5.0,diesel,automatic,5733.0,2017-02-16 16:58:14.400,5263.0
105,105,17.0,63426.0,36755.0,2.0,4.0,electric,manual,4391.0,2017-02-16 16:58:48.000,4492.0
106,106,8.0,65633.0,29665.0,1.0,5.0,gas,manual,7470.0,2017-02-16 16:59:21.600,9032.0
107,107,12.0,128542.0,21690.0,3.0,2.0,gas,manual,1825.0,2017-02-16 16:59:55.200,1279.0
108,108,11.0,17498.0,35217.0,2.0,3.0,gas,manual,7882.0,2017-02-16 17:00:28.800,9309.0
109,109,12.0,94586.0,29099.0,2.0,4.0,gas,manual,3557.0,2017-02-16 17:01:02.400,2777.0
110,110,20.0,92036.0,38321.0,2.0,4.0,gas,automatic,2070.0,2017-02-16 17:01:36.000,2859.0
111,111,12.0,60930.0,24669.0,2.0,4.0,gas,manual,3571.0,2017-02-16 17:02:09.600,4494.0
112,112,7.0,157543.0,38761.0,1.0,4.0,gas,manual,6408.0,2017-02-16 17:02:43.200,4241.0
113,113,1.0,39930.0,24436.0,1.0,5.0,diesel,manual,12500.0,2017-02-16 17:03:16.800,13132.0
114,114,13.0,176770.0,31269.0,1.0,2.0,diesel,manual,2981.0,2017-02-16 17:03:50.400,3970.0
115,115,3.0,101225.0,24176.0,5.0,4.0,electric,manual,3495.0,2017-02-16 17:04:24.000,4780.0
116,116,10.0,51945.0,19926.0,1.0,5.0,gas,automatic,4253.0,2017-02-16 17:04:57.600,4576.0
117,117,11.0,136507.0,24894.0,4.0,4.0,diesel,manual,1121.0,2017-02-16 17:05:31.200,710.0
118,118,16.0,155605.0,38819.0,4.0,3.0,gas,manual,1542.0,2017-02-16 17:06:04.800,1321.0
119,119,18.0,83289.0,29291.0,3.0,5.0,diesel,manual,1271.0,2017-02-16 17:06:38.400,1172.0
120,120,10.0,156799.0,24222.0,5.0,4.0,diesel,manual,862.0,2017-02-16 17:07:12.000,482.0
121,121,9.0,94865.0,47078.0,3.0,3.0,electric,manual,7629.0,2017-02-16 17:07:45.600,7311.0
122,122,10.0,127793.0,29207.0,1.0,4.0,gas,automatic,3842.0,2017-02-16 17:08:19.200,3381.0
123,123,2.0,14546.0,40548.0,4.0,3.0,electric,manual,11603.0,2017-02-16 17:08:52.800,13877.0
124,124,7.0,179005.0,32748.0,1.0,2.0,diesel,automatic,4099.0,2017-02-16 17:09:26.400,4033.0
125,125,16.0,78970.0,18809.0,1.0,4.0,diesel,manual,1851.0,2017-02-16 17:10:00.000,1198.0
126,126,11.0,116633.0,23435.0,2.0,3.0,gas,manual,3061.0,2017-02-16 17:10:33.600,2401.0
127,127,8.0,140677.0,35611.0,1.0,2.0,gas,manual,6767.0,2017-02-16 17:11:07.200,9080.0
128,128,12.0,58298.0,41128.0,1.0,3.0,gas,automatic,7689.0,2017-02-16 17:11:40.800,7490.0
129,129,15.0,81309.0,31564.0,4.0,2.0,gas,manual,2662.0,2017-02-16 17:12:14.400,2403.0
130,130,14.0,48867.0,38876.0,1.0,5.0,gas,manual,6217.0,2017-02-16 17:12:48.000,7819.0
131,131,12.0,47881.0,29078.0,1.0,5.0,gas,automatic,5232.0,2017-02-16 17:13:21.600,5704.0
132,132,10.0,6081.0,31272.0,1.0,5.0,gas,manual,9202.0,2017-02-16 17:13:55.200,9264.0
133,133,12.0,28658.0,46301.0,3.0,5.0,gas,automatic,5574.0,2017-02-16 17:14:28.800,5422.0
134,134,4.0,60291.0,42526.0,2.0,5.0,diesel,manual,10688.0,2017-02-16 17:15:02.400,9457.0
135,135,6.0,142935.0,27845.0,4.0,4.0,diesel,manual,2164.0,2017-02-16 17:15:36.000,1496.0
136,136,15.0,47194.0,43189.0,3.0,2.0,electric,manual,6239.0,2017-02-16 17:16:09.600,7012.0
137,137,3.0,100871.0,41857.0,1.0,4.0,electric,manual,14274.0,2017-02-16 17:16:43.200,14334.0
138,138,2.0,148140.0,40338.0,3.0,5.0,gas,automatic,5424.0,2017-02-16 17:17:16.800,6947.0
139,139,5.0,111980.0,33211.0,3.0,5.0,diesel,automatic,3312.0,2017-02-16 17:17:50.400,2847.0
140,140,7.0,110477.0,23883.0,1.0,4.0,electric,manual,5965.0,2017-02-16 17:18:24.000,6630.0
141,141,4.0,122030.0,26878.0,1.0,3.0,gas,manual,7081.0,2017-02-16 17:18:57.600,6349.0
142,142,18.0,109889.0,43856.0,1.0,4.0,gas,manual,4030.0,2017-02-16 17:19:31.200,3643.0
143,143,13.0,39925.0,46623.0,1.0,2.0,electric,manual,12083.0,2017-02-16 17:20:04.800,11143.0
144,144,14.0,69901.0,35529.0,4.0,5.0,gas,manual,2358.0,2017-02-16 17:20:38.400,1300.0
145,145,7.0,69438.0,32935.0,3.0,5.0,electric,manual,7007.0,2017-02-16 17:21:12.000,7562.0
146,146,4.0,182156.0,32026.0,3.0,4.0,electric,manual,4124.0,2017-02-16 17:21:45.600,4187.0
147,147,6.0,86515.0,38975.0,2.0,4.0,gas,manual,7489.0,2017-02-16 17:22:19.200,6378.0
148,148,11.0,154504.0,31811.0,3.0,5.0,diesel,automatic,1246.0,2017-02-16 17:22:52.800,1494.0
149,149,13.0,92795.0,32997.0,1.0,2.0,gas,automatic,4874.0,2017-02-16 17:23:26.400,5385.0
150,150,2.0,22788.0,35025.0,2.0,2.0,electric,manual,17528.0,2017-02-16 17:24:00.000,17779.0
151,151,7.0,86283.0,23034.0,1.0,5.0,gas,manual,5613.0,2017-02-16 17:24:33.600,4894.0
152,152,9.0,71591.0,43082.0,5.0,5.0,diesel,manual,2485.0,2017-02-16 17:25:07.200,2261.0
153,153,18.0,108756.0,34943.0,1.0,4.0,gas,automatic,2686.0,2017-02-16 17:25:40.800,4154.0
154,154,14.0,101552.0,32386.0,2.0,3.0,diesel,automatic,2391.0,2017-02-16 17:26:14.400,1412.0
155,155,14.0,38583.0,26568.0,1.0,5.0,gas,manual,4513.0,2017-02-16 17:26:48.000,3559.0
156,156,15.0,97017.0,38815.0,1.0,2.0,diesel,manual,4445.0,2017-02-16 17:27:21.600,5976.0
157,157,10.0,107820.0,28697.0,2.0,3.0,diesel,manual,3456.0,2017-02-16 17:27:55.200,2256.0
158,158,20.0,113909.0,21067.0,1.0,3.0,gas,manual,1662.0,2017-02-16 17:28:28.800,2683.0
159,159,16.0,35560.0,38594.0,1.0,4.0,electric,manual,7630.0,2017-02-16 17:29:02.400,6797.0
160,160,9.0,100729.0,40252.0,4.0,5.0,diesel,manual,2598.0,2017-02-16 17:29:36.000,1573.0
161,161,20.0,92191.0,27027.0,2.0,5.0,gas,manual,1553.0,2017-02-16 17:30:09.600,822.0
162,162,4.0,182164.0,38230.0,1.0,4.0,diesel,manual,6155.0,2017-02-16 17:30:43.200,4791.0
163,163,11.0,153022.0,34011.0,1.0,4.0,gas,automatic,3379.0,2017-02-16 17:31:16.800,3035.0
164,164,13.0,166152.0,19579.0,4.0,2.0,gas,automatic,878.0,2017-02-16 17:31:50.400,1079.0
165,165,8.0,92878.0,28567.0,4.0,4.0,electric,automatic,3117.0,2017-02-16 17:32:24.000,2136.0
166,166,11.0,85094.0,28648.0,3.0,4.0,electric,automatic,3198.0,2017-02-16 17:32:57.600,3154.0
167,167,11.0,155535.0,28376.0,2.0,2.0,gas,manual,3303.0,2017-02-16 17:33:31.200,2846.0
168,168,16.0,150157.0,29256.0,3.0,3.0,electric,manual,2482.0,2017-02-16 17:34:04.800,1758.0
169,169,11.0,160759.0,35518.0,1.0,3.0,diesel,automatic,3308.0,2017-02-16 17:34:38.400,4204.0
170,170,3.0,33906.0,36354.0,3.0,3.0,gas,manual,11383.0,2017-02-16 17:35:12.000,12083.0
171,171,8.0,105950.0,27166.0,2.0,3.0,diesel,automatic,3420.0,2017-02-16 17:35:45.600,3851.0
172,172,7.0,135751.0,25627.0,3.0,4.0,diesel,manual,2263.0,2017-02-16 17:36:19.200,3354.0
173,173,7.0,113434.0,23704.0,3.0,2.0,gas,automatic,3118.0,2017-02-16 17:36:52.800,2867.0
174,174,10.0,105529.0,41914.0,2.0,3.0,diesel,manual,5382.0,2017-02-16 17:37:26.400,5191.0
175,175,5.0,139172.0,43241.0,4.0,5.0,electric,manual,4522.0,2017-02-16 17:38:00.000,4179.0
176,176,3.0,49549.0,34166.0,1.0,4.0,electric,automatic,14941.0,2017-02-16 17:38:33.600,14880.0
177,177,8.0,62753.0,29714.0,5.0,3.0,diesel,manual,2712.0,2017-02-16 17:39:07.200,2350.0
178,178,12.0,59303.0,42533.0,3.0,5.0,gas,manual,4589.0,2017-02-16 17:39:40.800,5850.0
179,179,11.0,155990.0,23529.0,1.0,3.0,diesel,automatic,2161.0,2017-02-16 17:40:14.400,1640.0
180,180,4.0,117958.0,25651.0,3.0,4.0,gas,manual,4067.0,2017-02-16 17:40:48.000,4091.0
181,181,4.0,57011.0,28099.0,3.0,5.0,gas,manual,6096.0,2017-02-16 17:41:21.600,6329.0
182,182,15.0,59586.0,35849.0,2.0,4.0,gas,manual,4031.0,2017-02-16 17:41:55.200,4133.0
183,183,10.0,51872.0,26960.0,2.0,4.0,gas,manual,5090.0,2017-02-16 17:42:28.800,4499.0
184,184,2.0,15520.0,26488.0,1.0,5.0,diesel,manual,13948.0,2017-02-16 17:43:02.400,15953.0
185,185,1.0,187914.0,32077.0,1.0,3.0,gas,manual,7752.0,2017-02-16 17:43:36.000,9919.0
186,186,16.0,37379.0,35376.0,1.0,5.0,gas,manual,4974.0,2017-02-16 17:44:09.600,6853.0
187,187,4.0,54004.0,47668.0,1.0,5.0,gas,manual,17726.0,2017-02-16 17:44:43.200,20590.0
188,188,17.0,180275.0,45537.0,1.0,4.0,diesel,manual,2196.0,2017-02-16 17:45:16.800,2753.0
189,189,13.0,152381.0,35143.0,1.0,2.0,electric,manual,5342.0,2017-02-16 17:45:50.400,3928.0
190,190,2.0,126662.0,22301.0,1.0,4.0,diesel,automatic,5477.0,2017-02-16 17:46:24.000,6438.0
191,191,4.0,148494.0,24424.0,1.0,5.0,electric,manual,5488.0,2017-02-16 17:46:57.600,7394.0
192,192,6.0,130301.0,21892.0,2.0,4.0,diesel,manual,2866.0,2017-02-16 17:47:31.200,2258.0
193,193,15.0,98648.0,29102.0,3.0,4.0,gas,manual,2277.0,2017-02-16 17:48:04.800,1700.0
194,194,7.0,64091.0,33660.0,1.0,4.0,electric,automatic,10155.0,2017-02-16 17:48:38.400,10441.0
195,195,1.0,119773.0,23597.0,1.0,4.0,gas,manual,7832.0,2017-02-16 17:49:12.000,7837.0
196,196,9.0,176398.0,39276.0,1.0,4.0,gas,manual,4820.0,2017-02-16 17:49:45.600,4229.0
197,197,5.0,142531.0,21507.0,1.0,2.0,gas,automatic,4784.0,2017-02-16 17:50:19.200,5621.0
198,198,20.0,78388.0,40169.0,4.0,5.0,gas,manual,1679.0,2017-02-16 17:50:52.800,1078.0
199,199,12.0,95226.0,22180.0,1.0,4.0,gas,automatic,3110.0,2017-02-16 17:51:26.400,2680.0
200,200,4.0,103241.0,38483.0,1.0,4.0,diesel,automatic,9214.0,2017-02-16 17:52:00.000,11418.0
201,201,14.0,155441.0,35849.0,4.0,4.0,gas,manual,1671.0,2017-02-16 17:52:33.600,968.0
202,202,3.0,85794.0,28624.0,3.0,5.0,gas,manual,5576.0,2017-02-16 17:53:07.200,4608.0
203,203,20.0,181688.0,36191.0,1.0,3.0,diesel,manual,1605.0,2017-02-16 17:53:40.800,2630.0
204,204,11.0,31161.0,30505.0,1.0,4.0,electric,manual,8639.0,2017-02-16 17:54:14.400,8165.0
205,205,9.0,124171.0,36641.0,1.0,2.0,gas,manual,7067.0,2017-02-16 17:54:48.000,5336.0
206,206,13.0,112723.0,26459.0,3.0,4.0,gas,automatic,1633.0,2017-02-16 17:55:21.600,1326.0
207,207,10.0,45915.0,35306.0,1.0,4.0,gas,manual,8827.0,2017-02-16 17:55:55.200,9415.0
208,208,3.0,157062.0,26891.0,1.0,2.0,diesel,manual,6045.0,2017-02-16 17:56:28.800,7726.0
209,209,6.0,151224.0,33123.0,1.0,4.0,gas,manual,6035.0,2017-02-16 17:57:02.400,7442.0
210,210,9.0,23107.0,26916.0,1.0,4.0,electric,manual,9406.0,2017-02-16 17:57:36.000,9874.0
211,211,11.0,61606.0,36451.0,2.0,5.0,diesel,manual,4337.0,2017-02-16 17:58:09.600,5873.0
212,212,13.0,86105.0,23979.0,1.0,4.0,gas,manual,3440.0,2017-02-16 17:58:43.200,4482.0
213,213,3.0,67720.0,35092.0,1.0,4.0,gas,manual,13302.0,2017-02-16 17:59:16.800,12171.0
214,214,9.0,107611.0,35808.0,4.0,4.0,gas,manual,3056.0,2017-02-16 17:59:50.400,3912.0
215,215,12.0,69671.0,39185.0,1.0,5.0,gas,manual,6562.0,2017-02-16 18:00:24.000,8678.0
216,216,12.0,153552.0,23938.0,1.0,4.0,electric,manual,2935.0,2017-02-16 18:00:57.600,2143.0
217,217,13.0,100852.0,46496.0,2.0,4.0,gas,manual,5264.0,2017-02-16 18:01:31.200,3135.0
218,218,5.0,98427.0,23389.0,3.0,4.0,gas,automatic,3323.0,2017-02-16 18:02:04.800,2506.0
219,219,11.0,142890.0,27976.0,2.0,3.0,gas,manual,3157.0,2017-02-16 18:02:38.400,3588.0
220,220,16.0,15305.0,42637.0,2.0,5.0,electric,automatic,6068.0,2017-02-16 18:03:12.000,6333.0
221,221,18.0,62077.0,36042.0,3.0,3.0,gas,manual,3042.0,2017-02-16 18:03:45.600,1680.0
222,222,10.0,109766.0,31223.0,1.0,5.0,gas,automatic,4227.0,2017-02-16 18:04:19.200,6191.0
223,223,12.0,153893.0,21795.0,4.0,4.0,electric,manual,1391.0,2017-02-16 18:04:52.800,2191.0
224,224,11.0,72643.0,35014.0,1.0,4.0,diesel,manual,5845.0,2017-02-16 18:05:26.400,5661.0
225,225,13.0,99262.0,26445.0,3.0,2.0,gas,manual,2814.0,2017-02-16 18:06:00.000,4150.0
226,226,15.0,60349.0,35463.0,2.0,4.0,gas,manual,4031.0,2017-02-16 18:06:33.600,3505.0
227,227,16.0,31458.0,24465.0,2.0,5.0,gas,manual,2776.0,2017-02-16 18:07:07.200,2001.0
228,228,14.0,76001.0,33346.0,1.0,2.0,diesel,manual,4338.0,2017-02-16 18:07:40.800,4057.0
229,229,10.0,134057.0,40718.0,2.0,4.0,electric,manual,6060.0,2017-02-16 18:08:14.400,5553.0
230,230,8.0,51430.0,33087.0,2.0,4.0,gas,manual,7233.0,2017-02-16 18:08:48.000,7879.0
231,231,9.0,17837.0,24963.0,1.0,4.0,gas,manual,8049.0,2017-02-16 18:09:21.600,9362.0
232,232,6.0,172659.0,30925.0,1.0,4.0,diesel,automatic,3202.0,2017-02-16 18:09:55.200,2757.0
233,233,8.0,69395.0,35945.0,2.0,4.0,gas,manual,7141.0,2017-02-16 18:10:28.800,8077.0
234,234,13.0,102191.0,34625.0,3.0,4.0,gas,manual,2986.0,2017-02-16 18:11:02.400,1964.0
235,235,16.0,147633.0,28239.0,1.0,2.0,gas,automatic,2404.0,2017-02-16 18:11:36.000,2447.0
236,236,11.0,82349.0,36796.0,1.0,4.0,electric,manual,7933.0,2017-02-16 18:12:09.600,6867.0
237,237,11.0,37239.0,29499.0,3.0,3.0,gas,automatic,4292.0,2017-02-16 18:12:43.200,3946.0
238,238,10.0,102506.0,18339.0,1.0,2.0,gas,automatic,3368.0,2017-02-16 18:13:16.800,2800.0
239,239,8.0,132661.0,41035.0,1.0,3.0,gas,manual,7713.0,2017-02-16 18:13:50.400,8646.0
240,240,3.0,72218.0,40793.0,5.0,5.0,electric,manual,6776.0,2017-02-16 18:14:24.000,9079.0
241,241,19.0,102347.0,28345.0,2.0,5.0,gas,manual,1740.0,2017-02-16 18:14:57.600,1555.0
242,242,10.0,51351.0,35987.0,1.0,5.0,gas,manual,8404.0,2017-02-16 18:15:31.200,7262.0
243,243,7.0,91976.0,42080.0,1.0,5.0,diesel,manual,8051.0,2017-02-16 18:16:04.800,6813.0
244,244,13.0,85965.0,37923.0,2.0,4.0,gas,manual,4609.0,2017-02-16 18:16:38.400,4346.0
245,245,7.0,147906.0,23989.0,1.0,4.0,diesel,automatic,3087.0,2017-02-16 18:17:12.000,3750.0
246,246,8.0,93647.0,29775.0,4.0,3.0,diesel,manual,3017.0,2017-02-16 18:17:45.600,2687.0
247,247,6.0,78081.0,40379.0,3.0,3.0,diesel,automatic,5453.0,2017-02-16 18:18:19.200,3748.0
248,248,14.0,25768.0,31787.0,5.0,5.0,electric,manual,2974.0,2017-02-16 18:18:52.800,2944.0
249,249,8.0,186054.0,35469.0,3.0,4.0,diesel,manual,2240.0,2017-02-16 18:19:26.400,3373.0
250,250,9.0,78814.0,32755.0,3.0,5.0,gas,manual,3732.0,2017-02-16 18:20:00.000,2952.0
251,251,14.0,162417.0,41408.0,2.0,4.0,diesel,manual,2337.0,2017-02-16 18:20:33.600,2731.0
252,252,11.0,88572.0,42396.0,2.0,3.0,gas,automatic,5522.0,2017-02-16 18:21:07.200,5175.0
253,253,11.0,131126.0,23606.0,4.0,5.0,gas,manual,1387.0,2017-02-16 18:21:40.800,1560.0
254,254,10.0,24826.0,33800.0,1.0,4.0,electric,automatic,9781.0,2017-02-16 18:22:14.400,11905.0
255,255,8.0,125692.0,18318.0,1.0,5.0,electric,manual,3817.0,2017-02-16 18:22:48.000,3055.0
256,256,17.0,121744.0,40027.0,2.0,4.0,electric,manual,3624.0,2017-02-16 18:23:21.600,2439.0
257,257,17.0,73529.0,27909.0,2.0,3.0,electric,automatic,3081.0,2017-02-16 18:23:55.200,2857.0
258,258,20.0,7578.0,27404.0,3.0,2.0,electric,automatic,3119.0,2017-02-16 18:24:28.800,2961.0
259,259,12.0,79475.0,25236.0,1.0,5.0,electric,manual,4630.0,2017-02-16 18:25:02.400,4614.0
260,260,13.0,32276.0,47630.0,4.0,4.0,electric,manual,5714.0,2017-02-16 18:25:36.000,6077.0
261,261,13.0,147792.0,29246.0,1.0,5.0,gas,manual,2954.0,2017-02-16 18:26:09.600,2563.0
262,262,9.0,26619.0,25136.0,3.0,2.0,gas,manual,5273.0,2017-02-16 18:26:43.200,5707.0
263,263,12.0,159144.0,38968.0,2.0,3.0,diesel,automatic,2359.0,2017-02-16 18:27:16.800,3738.0
264,264,7.0,151941.0,40675.0,3.0,4.0,gas,manual,4146.0,2017-02-16 18:27:50.400,4611.0
265,265,11.0,85497.0,34915.0,3.0,2.0,gas,manual,4568.0,2017-02-16 18:28:24.000,3436.0
266,266,14.0,83630.0,19257.0,3.0,2.0,gas,manual,2065.0,2017-02-16 18:28:57.600,1859.0
267,267,17.0,68122.0,28421.0,1.0,5.0,diesel,manual,2593.0,2017-02-16 18:29:31.200,3307.0
268,268,2.0,119034.0,31712.0,3.0,5.0,electric,automatic,5903.0,2017-02-16 18:30:04.800,4111.0
269,269,4.0,58034.0,24735.0,5.0,4.0,diesel,manual,3293.0,2017-02-16 18:30:38.400,2455.0
270,270,9.0,108751.0,31822.0,4.0,4.0,electric,manual,3394.0,2017-02-16 18:31:12.000,2851.0
271,271,12.0,5913.0,33540.0,1.0,4.0,diesel,automatic,7229.0,2017-02-16 18:31:45.600,7322.0
272,272,14.0,167797.0,39588.0,1.0,5.0,gas,manual,2846.0,2017-02-16 18:32:19.200,1836.0
273,273,4.0,157730.0,29976.0,2.0,5.0,gas,manual,4709.0,2017-02-16 18:32:52.800,4813.0
274,274,18.0,163257.0,32475.0,1.0,4.0,gas,manual,2081.0,2017-02-16 18:33:26.400,2321.0
275,275,9.0,115128.0,38111.0,1.0,4.0,diesel,manual,5784.0,2017-02-16 18:34:00.000,6494.0
276,276,14.0,53285.0,21226.0,1.0,4.0,diesel,automatic,2690.0,2017-02-16 18:34:33.600,1957.0
277,277,5.0,34955.0,26674.0,2.0,4.0,gas,manual,8219.0,2017-02-16 18:35:07.200,7382.0
278,278,14.0,188845.0,35693.0,1.0,5.0,gas,manual,2262.0,2017-02-16 18:35:40.800,1432.0
279,279,11.0,35279.0,32992.0,1.0,3.0,gas,manual,8899.0,2017-02-16 18:36:14.400,10851.0
280,280,6.0,51393.0,34344.0,2.0,4.0,gas,automatic,7767.0,2017-02-16 18:36:48.000,8041.0
281,281,10.0,187903.0,25039.0,3.0,4.0,gas,manual,1528.0,2017-02-16 18:37:21.600,1820.0
282,282,17.0,79869.0,34725.0,2.0,4.0,gas,manual,3359.0,2017-02-16 18:37:55.200,2825.0
283,283,11.0,22681.0,38320.0,3.0,5.0,gas,automatic,5300.0,2017-02-16 18:38:28.800,3426.0
284,284,8.0,119309.0,29183.0,3.0,5.0,electric,automatic,2933.0,2017-02-16 18:39:02.400,4229.0
285,285,3.0,162469.0,29789.0,1.0,4.0,gas,manual,6659.0,2017-02-16 18:39:36.000,6628.0
286,286,6.0,91531.0,29033.0,1.0,5.0,diesel,automatic,5578.0,2017-02-16 18:40:09.600,6562.0
287,287,12.0,152727.0,27140.0,4.0,4.0,gas,manual,1213.0,2017-02-16 18:40:43.200,2161.0
288,288,8.0,131237.0,23171.0,1.0,3.0,diesel,automatic,3317.0,2017-02-16 18:41:16.800,3694.0
289,289,10.0,92469.0,30395.0,4.0,2.0,diesel,manual,2708.0,2017-02-16 18:41:50.400,2652.0
290,290,11.0,78626.0,37026.0,4.0,4.0,gas,manual,3218.0,2017-02-16 18:42:24.000,5084.0
291,291,3.0,65264.0,23506.0,3.0,4.0,electric,manual,6513.0,2017-02-16 18:42:57.600,5102.0
292,292,9.0,44842.0,31013.0,1.0,3.0,electric,manual,10560.0,2017-02-16 18:43:31.200,10815.0
293,293,19.0,40810.0,26628.0,2.0,2.0,diesel,manual,2545.0,2017-02-16 18:44:04.800,3040.0
294,294,1.0,70746.0,37855.0,2.0,5.0,gas,automatic,11388.0,2017-02-16 18:44:38.400,13493.0
295,295,18.0,72436.0,30239.0,1.0,4.0,gas,automatic,2645.0,2017-02-16 18:45:12.000,4003.0
296,296,4.0,54983.0,21275.0,5.0,3.0,diesel,manual,3077.0,2017-02-16 18:45:45.600,2274.0
297,297,6.0,138631.0,33685.0,1.0,5.0,electric,manual,7349.0,2017-02-16 18:46:19.200,8250.0
298,298,14.0,142183.0,26127.0,1.0,2.0,electric,manual,4043.0,2017-02-16 18:46:52.800,3295.0
299,299,7.0,41624.0,19846.0,1.0,5.0,electric,manual,6660.0,2017-02-16 18:47:26.400,7111.0
300,300,11.0,87410.0,33063.0,1.0,4.0,diesel,manual,4990.0,2017-02-16 18:48:00.000,4390.0
301,301,16.0,129235.0,32727.0,1.0,4.0,gas,manual,2898.0,2017-02-16 18:48:33.600,3864.0
302,302,14.0,144521.0,36049.0,1.0,3.0,diesel,manual,3100.0,2017-02-16 18:49:07.200,3416.0
303,303,8.0,37092.0,22345.0,2.0,5.0,gas,manual,5302.0,2017-02-16 18:49:40.800,4065.0
304,304,9.0,57118.0,23832.0,2.0,5.0,diesel,manual,3736.0,2017-02-16 18:50:14.400,3593.0
305,305,17.0,150859.0,26396.0,2.0,5.0,gas,manual,1323.0,2017-02-16 18:50:48.000,1410.0
306,306,1.0,163865.0,20338.0,1.0,4.0,diesel,automatic,4012.0,2017-02-16 18:51:21.600,3957.0
307,307,16.0,94886.0,34913.0,1.0,5.0,diesel,manual,2948.0,2017-02-16 18:51:55.200,3837.0
308,308,10.0,147971.0,30083.0,1.0,4.0,gas,manual,3997.0,2017-02-16 18:52:28.800,5438.0
309,309,2.0,110544.0,36360.0,3.0,5.0,diesel,automatic,5248.0,2017-02-16 18:53:02.400,6382.0
310,310,15.0,64802.0,35292.0,1.0,4.0,gas,manual,5140.0,2017-02-16 18:53:36.000,3535.0
311,311,7.0,197810.0,40011.0,3.0,4.0,gas,manual,3140.0,2017-02-16 18:54:09.600,2436.0
312,312,13.0,153858.0,40249.0,1.0,2.0,gas,automatic,4399.0,2017-02-16 18:54:43.200,3431.0
313,313,17.0,109716.0,40671.0,2.0,3.0,gas,manual,3726.0,2017-02-16 18:55:16.800,2094.0
314,314,14.0,91541.0,27868.0,1.0,4.0,gas,manual,3965.0,2017-02-16 18:55:50.400,4686.0
315,315,9.0,126441.0,26699.0,2.0,5.0,gas,automatic,2581.0,2017-02-16 18:56:24.000,2243.0
316,316,3.0,68537.0,32097.0,2.0,5.0,diesel,manual,8578.0,2017-02-16 18:56:57.600,10556.0
317,317,19.0,87235.0,19957.0,2.0,5.0,diesel,automatic,807.0,2017-02-16 18:57:31.200,1392.0
318,318,4.0,158867.0,29949.0,3.0,5.0,diesel,manual,2818.0,2017-02-16 18:58:04.800,3130.0
319,319,15.0,177110.0,32553.0,1.0,2.0,gas,automatic,2513.0,2017-02-16 18:58:38.400,1784.0
320,320,20.0,168631.0,37620.0,2.0,3.0,diesel,manual,1352.0,2017-02-16 18:59:12.000,2033.0
321,321,9.0,98519.0,29547.0,1.0,5.0,gas,manual,5857.0,2017-02-16 18:59:45.600,4281.0
322,322,5.0,99043.0,22892.0,5.0,4.0,gas,manual,2326.0,2017-02-16 19:00:19.200,1545.0
323,323,2.0,60146.0,31371.0,2.0,4.0,diesel,manual,10443.0,2017-02-16 19:00:52.800,8764.0
324,324,4.0,77082.0,33049.0,1.0,5.0,electric,manual,11681.0,2017-02-16 19:01:26.400,12967.0
325,325,14.0,97034.0,42406.0,3.0,5.0,diesel,manual,2341.0,2017-02-16 19:02:00.000,1455.0
326,326,11.0,153933.0,30581.0,1.0,4.0,electric,manual,4050.0,2017-02-16 19:02:33.600,3383.0
327,327,4.0,41635.0,25037.0,1.0,5.0,gas,manual,10024.0,2017-02-16 19:03:07.200,8970.0
328,328,13.0,138908.0,41695.0,2.0,3.0,electric,manual,5274.0,2017-02-16 19:03:40.800,4292.0
329,329,8.0,141982.0,30304.0,1.0,5.0,diesel,manual,3507.0,2017-02-16 19:04:14.400,5207.0
330,330,5.0,50439.0,46020.0,2.0,3.0,gas,manual,14099.0,2017-02-16 19:04:48.000,15293.0
331,331,11.0,77627.0,44676.0,2.0,4.0,gas,manual,6673.0,2017-02-16 19:05:21.600,9222.0
332,332,16.0,102884.0,25937.0,4.0,3.0,diesel,manual,1089.0,2017-02-16 19:05:55.200,854.0
333,333,20.0,77413.0,42321.0,1.0,5.0,gas,manual,3638.0,2017-02-16 19:06:28.800,2422.0
334,334,8.0,51480.0,41334.0,1.0,5.0,gas,manual,10799.0,2017-02-16 19:07:02.400,9771.0
335,335,7.0,69796.0,34224.0,1.0,4.0,electric,automatic,10129.0,2017-02-16 19:07:36.000,11410.0
336,336,20.0,103303.0,32488.0,4.0,2.0,diesel,manual,1206.0,2017-02-16 19:08:09.600,1981.0
337,337,12.0,174908.0,28876.0,4.0,4.0,gas,automatic,826.0,2017-02-16 19:08:43.200,1678.0
338,338,9.0,119296.0,30691.0,3.0,5.0,electric,manual,3698.0,2017-02-16 19:09:16.800,3353.0
339,339,5.0,158005.0,26785.0,1.0,4.0,gas,manual,5366.0,2017-02-16 19:09:50.400,6588.0
340,340,18.0,129878.0,28353.0,2.0,5.0,electric,automatic,1850.0,2017-02-16 19:10:24.000,1968.0
341,341,4.0,124926.0,21819.0,4.0,5.0,electric,manual,2825.0,2017-02-16 19:10:57.600,4174.0
342,342,9.0,121965.0,28989.0,3.0,5.0,electric,manual,3136.0,2017-02-16 19:11:31.200,4040.0
343,343,19.0,176692.0,31359.0,2.0,4.0,gas,manual,1320.0,2017-02-16 19:12:04.800,872.0
344,344,4.0,157220.0,32399.0,1.0,5.0,diesel,automatic,4824.0,2017-02-16 19:12:38.400,4829.0
345,345,7.0,33560.0,39028.0,2.0,5.0,diesel,manual,8567.0,2017-02-16 19:13:12.000,6984.0
346,346,11.0,116166.0,19481.0,2.0,4.0,electric,manual,2932.0,2017-02-16 19:13:45.600,3826.0
347,347,1.0,62389.0,29248.0,1.0,5.0,gas,manual,13639.0,2017-02-16 19:14:19.200,14223.0
348,348,1.0,134972.0,31324.0,2.0,5.0,gas,automatic,6538.0,2017-02-16 19:14:52.800,6846.0
349,349,16.0,7616.0,37192.0,2.0,2.0,electric,automatic,7077.0,2017-02-16 19:15:26.400,6266.0
350,350,20.0,161635.0,26059.0,2.0,5.0,diesel,automatic,448.0,2017-02-16 19:16:00.000,823.0
351,351,9.0,135999.0,31757.0,1.0,5.0,diesel,automatic,3629.0,2017-02-16 19:16:33.600,2044.0
352,352,10.0,140238.0,35754.0,3.0,2.0,electric,manual,4716.0,2017-02-16 19:17:07.200,5647.0
353,353,12.0,123141.0,22233.0,4.0,4.0,gas,manual,1133.0,2017-02-16 19:17:40.800,1212.0
354,354,9.0,88235.0,34831.0,2.0,5.0,diesel,manual,4306.0,2017-02-16 19:18:14.400,3285.0
355,355,18.0,80258.0,33825.0,1.0,5.0,diesel,automatic,1978.0,2017-02-16 19:18:48.000,2912.0
356,356,16.0,77942.0,37615.0,1.0,4.0,diesel,automatic,3371.0,2017-02-16 19:19:21.600,4199.0
357,357,7.0,97380.0,28294.0,4.0,4.0,gas,manual,3496.0,2017-02-16 19:19:55.200,2297.0
358,358,2.0,189537.0,45243.0,3.0,4.0,diesel,manual,4055.0,2017-02-16 19:20:28.800,3925.0
359,359,9.0,57057.0,25409.0,3.0,5.0,diesel,manual,2872.0,2017-02-16 19:21:02.400,2082.0
360,360,12.0,113569.0,29428.0,2.0,2.0,diesel,manual,3304.0,2017-02-16 19:21:36.000,2607.0
361,361,2.0,38500.0,22507.0,3.0,3.0,diesel,manual,6461.0,2017-02-16 19:22:09.600,6287.0
362,362,8.0,106293.0,34629.0,2.0,2.0,gas,manual,6243.0,2017-02-16 19:22:43.200,5125.0
363,363,10.0,123714.0,31291.0,1.0,5.0,diesel,manual,3694.0,2017-02-16 19:23:16.800,5436.0
364,364,14.0,23061.0,32764.0,4.0,4.0,gas,manual,3259.0,2017-02-16 19:23:50.400,4569.0
365,365,17.0,37709.0,35600.0,1.0,5.0,diesel,automatic,3690.0,2017-02-16 19:24:24.000,3057.0
366,366,16.0,98094.0,30688.0,1.0,3.0,diesel,manual,2912.0,2017-02-16 19:24:57.600,3616.0
367,367,12.0,117164.0,45718.0,3.0,4.0,diesel,manual,2761.0,2017-02-16 19:25:31.200,4698.0
368,368,14.0,69836.0,23477.0,1.0,4.0,gas,automatic,3400.0,2017-02-16 19:26:04.800,2140.0
369,369,10.0,69296.0,32975.0,2.0,4.0,diesel,automatic,4006.0,2017-02-16 19:26:38.400,4628.0
370,370,17.0,32897.0,35940.0,1.0,5.0,electric,automatic,5625.0,2017-02-16 19:27:12.000,4019.0
371,371,7.0,35382.0,33138.0,3.0,5.0,gas,manual,6664.0,2017-02-16 19:27:45.600,7751.0
372,372,13.0,12092.0,19202.0,3.0,5.0,diesel,manual,2111.0,2017-02-16 19:28:19.200,2069.0
373,373,10.0,62421.0,23293.0,4.0,2.0,diesel,manual,2532.0,2017-02-16 19:28:52.800,2085.0
374,374,8.0,172195.0,32594.0,2.0,4.0,diesel,automatic,2208.0,2017-02-16 19:29:26.400,1370.0
375,375,10.0,87526.0,27838.0,1.0,5.0,gas,manual,4997.0,2017-02-16 19:30:00.000,5395.0
376,376,16.0,142154.0,27322.0,2.0,5.0,gas,manual,1499.0,2017-02-16 19:30:33.600,1037.0
377,377,19.0,141759.0,28795.0,1.0,4.0,gas,manual,2014.0,2017-02-16 19:31:07.200,2045.0
378,378,15.0,100566.0,25475.0,2.0,4.0,gas,automatic,2138.0,2017-02-16 19:31:40.800,1612.0
379,379,6.0,184991.0,19934.0,3.0,2.0,diesel,manual,2131.0,2017-02-16 19:32:14.400,1614.0
380,380,16.0,60439.0,30980.0,2.0,4.0,diesel,manual,2902.0,2017-02-16 19:32:48.000,1806.0
381,381,6.0,94594.0,35456.0,1.0,4.0,gas,manual,9118.0,2017-02-16 19:33:21.600,11491.0
382,382,8.0,22502.0,33094.0,3.0,4.0,electric,automatic,7161.0,2017-02-16 19:33:55.200,7215.0
383,383,18.0,166554.0,28712.0,1.0,3.0,gas,manual,2005.0,2017-02-16 19:34:28.800,2840.0
384,384,10.0,126746.0,40261.0,1.0,5.0,gas,manual,5643.0,2017-02-16 19:35:02.400,4017.0
385,385,2.0,66005.0,39649.0,2.0,5.0,gas,manual,12398.0,2017-02-16 19:35:36.000,13458.0
386,386,3.0,76429.0,46636.0,2.0,3.0,gas,manual,14158.0,2017-02-16 19:36:09.600,16352.0
387,387,1.0,105713.0,29038.0,1.0,5.0,gas,automatic,9587.0,2017-02-16 19:36:43.200,9892.0
388,388,12.0,123790.0,30524.0,4.0,5.0,gas,automatic,1065.0,2017-02-16 19:37:16.800,1364.0
389,389,12.0,42236.0,31688.0,4.0,3.0,diesel,automatic,2462.0,2017-02-16 19:37:50.400,2161.0
390,390,17.0,163480.0,40051.0,3.0,3.0,diesel,manual,1382.0,2017-02-16 19:38:24.000,1498.0
391,391,18.0,124554.0,34700.0,4.0,5.0,gas,manual,1104.0,2017-02-16 19:38:57.600,846.0
392,392,7.0,122299.0,34364.0,1.0,5.0,diesel,automatic,4808.0,2017-02-16 19:39:31.200,4591.0
393,393,9.0,94095.0,22750.0,2.0,5.0,electric,manual,4109.0,2017-02-16 19:40:04.800,3520.0
394,394,11.0,187830.0,36267.0,2.0,5.0,diesel,automatic,1524.0,2017-02-16 19:40:38.400,1217.0
395,395,9.0,150283.0,31878.0,3.0,3.0,gas,manual,3093.0,2017-02-16 19:41:12.000,3870.0
396,396,10.0,88304.0,42388.0,2.0,5.0,electric,manual,7296.0,2017-02-16 19:41:45.600,5976.0
397,397,6.0,99776.0,36332.0,1.0,4.0,diesel,manual,8030.0,2017-02-16 19:42:19.200,5874.0
398,398,16.0,161250.0,30745.0,4.0,4.0,gas,automatic,828.0,2017-02-16 19:42:52.800,509.0
399,399,5.0,191211.0,20386.0,2.0,4.0,diesel,manual,2162.0,2017-02-16 19:43:26.400,1276.0
400,400,11.0,30053.0,34172.0,1.0,2.0,diesel,manual,9170.0,2017-02-16 19:44:00.000,7060.0
401,401,13.0,47227.0,19257.0,4.0,4.0,gas,automatic,1488.0,2017-02-16 19:44:33.600,2289.0
402,402,9.0,171036.0,39494.0,5.0,5.0,gas,manual,1589.0,2017-02-16 19:45:07.200,2260.0
403,403,17.0,113073.0,32783.0,2.0,5.0,gas,manual,1977.0,2017-02-16 19:45:40.800,1633.0
404,404,5.0,187138.0,37534.0,1.0,5.0,gas,manual,5198.0,2017-02-16 19:46:14.400,4037.0
405,405,18.0,135647.0,30747.0,3.0,4.0,electric,manual,1810.0,2017-02-16 19:46:48.000,2874.0
406,406,13.0,175546.0,31494.0,3.0,5.0,electric,automatic,1580.0,2017-02-16 19:47:21.600,1569.0
407,407,11.0,6722.0,38378.0,3.0,5.0,diesel,manual,5783.0,2017-02-16 19:47:55.200,3980.0
408,408,9.0,131518.0,24673.0,1.0,5.0,gas,manual,3524.0,2017-02-16 19:48:28.800,3041.0
409,409,14.0,121308.0,26727.0,3.0,5.0,electric,manual,2120.0,2017-02-16 19:49:02.400,3032.0
410,410,7.0,189009.0,27226.0,1.0,5.0,diesel,automatic,2214.0,2017-02-16 19:49:36.000,3193.0
411,411,7.0,58807.0,27665.0,3.0,4.0,electric,automatic,5620.0,2017-02-16 19:50:09.600,4217.0
412,412,6.0,109943.0,39196.0,1.0,4.0,diesel,automatic,6924.0,2017-02-16 19:50:43.200,8432.0
413,413,10.0,29003.0,34743.0,1.0,5.0,diesel,manual,8054.0,2017-02-16 19:51:16.800,6907.0
414,414,11.0,64418.0,40562.0,2.0,4.0,gas,manual,6252.0,2017-02-16 19:51:50.400,6113.0
415,415,7.0,161261.0,19838.0,4.0,4.0,gas,automatic,1314.0,2017-02-16 19:52:24.000,1942.0
416,416,5.0,99047.0,38867.0,2.0,5.0,gas,automatic,6592.0,2017-02-16 19:52:57.600,5784.0
417,417,10.0,72186.0,35988.0,1.0,4.0,gas,automatic,6912.0,2017-02-16 19:53:31.200,6275.0
418,418,14.0,104131.0,28848.0,1.0,4.0,electric,manual,4542.0,2017-02-16 19:54:04.800,3950.0
419,419,6.0,94216.0,19868.0,4.0,2.0,gas,automatic,2606.0,2017-02-16 19:54:38.400,2658.0
420,420,1.0,28931.0,28449.0,2.0,4.0,gas,manual,12354.0,2017-02-16 19:55:12.000,14871.0
421,421,16.0,81488.0,47682.0,5.0,4.0,gas,manual,1944.0,2017-02-16 19:55:45.600,1301.0
422,422,9.0,76731.0,28167.0,1.0,5.0,diesel,manual,4921.0,2017-02-16 19:56:19.200,6437.0
423,423,12.0,115145.0,32685.0,2.0,2.0,diesel,manual,3874.0,2017-02-16 19:56:52.800,4627.0
424,424,19.0,12838.0,39669.0,3.0,3.0,diesel,manual,3212.0,2017-02-16 19:57:26.400,2548.0
425,425,15.0,55338.0,24883.0,2.0,5.0,gas,manual,2446.0,2017-02-16 19:58:00.000,2059.0
426,426,11.0,135820.0,24988.0,1.0,2.0,gas,manual,4319.0,2017-02-16 19:58:33.600,3878.0
427,427,20.0,176212.0,23768.0,2.0,4.0,diesel,automatic,444.0,2017-02-16 19:59:07.200,933.0
428,428,11.0,34654.0,29899.0,3.0,4.0,gas,manual,4778.0,2017-02-16 19:59:40.800,3793.0
429,429,4.0,102644.0,41035.0,1.0,4.0,electric,automatic,12164.0,2017-02-16 20:00:14.400,14070.0
430,430,9.0,133073.0,28835.0,2.0,5.0,diesel,manual,2490.0,2017-02-16 20:00:48.000,1926.0
431,431,17.0,142258.0,42444.0,1.0,3.0,gas,automatic,3158.0,2017-02-16 20:01:21.600,2158.0
432,432,8.0,110094.0,33829.0,3.0,3.0,gas,manual,4333.0,2017-02-16 20:01:55.200,6424.0
433,433,2.0,123721.0,35416.0,1.0,4.0,gas,automatic,10129.0,2017-02-16 20:02:28.800,12502.0
434,434,7.0,91901.0,31327.0,2.0,5.0,electric,manual,6576.0,2017-02-16 20:03:02.400,5611.0
435,435,9.0,107947.0,29266.0,2.0,4.0,gas,manual,3846.0,2017-02-16 20:03:36.000,4003.0
436,436,14.0,71823.0,32942.0,1.0,5.0,gas,manual,4457.0,2017-02-16 20:04:09.600,3289.0
437,437,11.0,58686.0,24745.0,3.0,5.0,electric,manual,3547.0,2017-02-16 20:04:43.200,4840.0
438,438,13.0,41630.0,41389.0,1.0,3.0,electric,manual,10361.0,2017-02-16 20:05:16.800,11382.0
439,439,2.0,169054.0,28091.0,4.0,5.0,diesel,manual,2038.0,2017-02-16 20:05:50.400,3154.0
440,440,14.0,71479.0,45984.0,1.0,4.0,gas,manual,7282.0,2017-02-16 20:06:24.000,5854.0
441,441,14.0,167958.0,30597.0,2.0,4.0,electric,manual,2648.0,2017-02-16 20:06:57.600,3314.0
442,442,13.0,169530.0,18989.0,5.0,3.0,diesel,automatic,495.0,2017-02-16 20:07:31.200,334.0
443,443,5.0,72716.0,20010.0,3.0,2.0,electric,manual,5233.0,2017-02-16 20:08:04.800,5504.0
444,444,12.0,53602.0,42030.0,2.0,3.0,electric,manual,8462.0,2017-02-16 20:08:38.400,8696.0
445,445,17.0,84037.0,30888.0,1.0,4.0,electric,automatic,3860.0,2017-02-16 20:09:12.000,2937.0
446,446,4.0,156823.0,44402.0,2.0,3.0,gas,manual,7964.0,2017-02-16 20:09:45.600,10345.0
447,447,5.0,28600.0,36288.0,3.0,5.0,electric,manual,9786.0,2017-02-16 20:10:19.200,10708.0
448,448,13.0,75930.0,28495.0,1.0,4.0,gas,manual,4603.0,2017-02-16 20:10:52.800,4021.0
449,449,14.0,53375.0,34037.0,2.0,5.0,gas,manual,3890.0,2017-02-16 20:11:26.400,4422.0
450,450,9.0,52633.0,28721.0,1.0,4.0,electric,manual,8190.0,2017-02-16 20:12:00.000,9734.0
451,451,2.0,175015.0,25341.0,1.0,5.0,gas,manual,5282.0,2017-02-16 20:12:33.600,3710.0
452,452,17.0,124264.0,39337.0,1.0,4.0,gas,manual,3192.0,2017-02-16 20:13:07.200,2832.0
453,453,15.0,110280.0,33398.0,3.0,4.0,gas,manual,2516.0,2017-02-16 20:13:40.800,1869.0
454,454,16.0,170453.0,38381.0,4.0,3.0,gas,manual,1452.0,2017-02-16 20:14:14.400,1496.0
455,455,12.0,131795.0,41935.0,2.0,3.0,electric,manual,5652.0,2017-02-16 20:14:48.000,4197.0
456,456,14.0,22041.0,21845.0,4.0,5.0,electric,manual,2333.0,2017-02-16 20:15:21.600,1609.0
457,457,9.0,171223.0,40689.0,1.0,5.0,electric,manual,5952.0,2017-02-16 20:15:55.200,5021.0
458,458,16.0,178782.0,34634.0,4.0,4.0,gas,manual,1296.0,2017-02-16 20:16:28.800,522.0
459,459,3.0,154605.0,42911.0,1.0,4.0,electric,manual,11102.0,2017-02-16 20:17:02.400,12192.0
460,460,9.0,45047.0,45875.0,1.0,2.0,gas,automatic,12941.0,2017-02-16 20:17:36.000,14908.0
461,461,4.0,62428.0,37410.0,1.0,5.0,electric,manual,14585.0,2017-02-16 20:18:09.600,13957.0
462,462,8.0,84774.0,25299.0,1.0,4.0,diesel,automatic,4830.0,2017-02-16 20:18:43.200,4229.0
463,463,7.0,65456.0,28958.0,3.0,5.0,gas,automatic,4157.0,2017-02-16 20:19:16.800,3355.0
464,464,12.0,2483.0,35786.0,4.0,2.0,diesel,manual,4930.0,2017-02-16 20:19:50.400,5224.0
465,465,12.0,48763.0,38448.0,4.0,4.0,diesel,manual,3177.0,2017-02-16 20:20:24.000,2191.0
466,466,12.0,100613.0,34304.0,2.0,4.0,gas,manual,4089.0,2017-02-16 20:20:57.600,5438.0
467,467,8.0,128877.0,17014.0,2.0,4.0,diesel,manual,2179.0,2017-02-16 20:21:31.200,1408.0
468,468,7.0,180856.0,41634.0,1.0,3.0,diesel,manual,5403.0,2017-02-16 20:22:04.800,3887.0
469,469,9.0,172527.0,21178.0,2.0,3.0,diesel,manual,1790.0,2017-02-16 20:22:38.400,1613.0
470,470,6.0,78583.0,42015.0,2.0,2.0,gas,automatic,9604.0,2017-02-16 20:23:12.000,10439.0
471,471,17.0,89057.0,35085.0,2.0,4.0,gas,automatic,2663.0,2017-02-16 20:23:45.600,2568.0
472,472,12.0,160139.0,43321.0,2.0,5.0,gas,manual,3382.0,2017-02-16 20:24:19.200,5134.0
473,473,7.0,194395.0,30416.0,3.0,5.0,electric,manual,2467.0,2017-02-16 20:24:52.800,2556.0
474,474,17.0,57362.0,24305.0,2.0,5.0,electric,manual,2747.0,2017-02-16 20:25:26.400,3570.0
475,475,13.0,149830.0,31518.0,4.0,5.0,diesel,manual,1146.0,2017-02-16 20:26:00.000,868.0
476,476,11.0,83572.0,28258.0,4.0,5.0,gas,manual,2093.0,2017-02-16 20:26:33.600,3394.0
477,477,9.0,173713.0,35963.0,1.0,3.0,diesel,automatic,3192.0,2017-02-16 20:27:07.200,3364.0
478,478,14.0,122515.0,33552.0,1.0,4.0,gas,automatic,3106.0,2017-02-16 20:27:40.800,2764.0
479,479,15.0,164380.0,38588.0,2.0,4.0,gas,manual,2326.0,2017-02-16 20:28:14.400,1424.0
480,480,16.0,87990.0,26018.0,1.0,4.0,gas,manual,3181.0,2017-02-16 20:28:48.000,2435.0
481,481,11.0,158937.0,31075.0,3.0,4.0,electric,manual,2730.0,2017-02-16 20:29:21.600,2721.0
482,482,11.0,145807.0,24801.0,3.0,2.0,diesel,automatic,1543.0,2017-02-16 20:29:55.200,1966.0
483,483,14.0,132249.0,29214.0,5.0,4.0,gas,manual,1086.0,2017-02-16 20:30:28.800,1832.0
484,484,12.0,59400.0,19581.0,2.0,5.0,gas,manual,2826.0,2017-02-16 20:31:02.400,2249.0
485,485,12.0,114512.0,36396.0,2.0,4.0,diesel,manual,3215.0,2017-02-16 20:31:36.000,4568.0
486,486,11.0,170301.0,26158.0,3.0,2.0,gas,manual,2061.0,2017-02-16 20:32:09.600,3417.0
487,487,7.0,8946.0,31232.0,2.0,4.0,electric,manual,10915.0,2017-02-16 20:32:43.200,12608.0
488,488,20.0,74361.0,24442.0,1.0,5.0,diesel,manual,1542.0,2017-02-16 20:33:16.800,1340.0
489,489,11.0,171033.0,17896.0,5.0,2.0,diesel,manual,782.0,2017-02-16 20:33:50.400,468.0
490,490,9.0,33709.0,42155.0,1.0,4.0,diesel,automatic,9894.0,2017-02-16 20:34:24.000,10972.0
491,491,12.0,166859.0,40148.0,1.0,4.0,diesel,manual,3268.0,2017-02-16 20:34:57.600,3761.0
492,492,9.0,154530.0,27614.0,2.0,4.0,diesel,manual,2569.0,2017-02-16 20:35:31.200,1646.0
493,493,12.0,119462.0,30464.0,2.0,4.0,diesel,manual,2684.0,2017-02-16 20:36:04.800,1852.0
494,494,13.0,44292.0,32649.0,2.0,5.0,gas,manual,4681.0,2017-02-16 20:36:38.400,4489.0
495,495,5.0,47906.0,38117.0,1.0,5.0,gas,automatic,13081.0,2017-02-16 20:37:12.000,15204.0
496,496,3.0,82816.0,28487.0,2.0,5.0,diesel,automatic,5512.0,2017-02-16 20:37:45.600,5610.0
497,497,7.0,123356.0,42209.0,1.0,4.0,gas,manual,8783.0,2017-02-16 20:38:19.200,8043.0
498,498,1.0,115407.0,20795.0,2.0,3.0,gas,manual,6018.0,2017-02-16 20:38:52.800,5332.0
499,499,8.0,58194.0,24029.0,1.0,3.0,gas,manual,6587.0,2017-02-16 20:39:26.400,7359.0
500,500,19.0,52910.0,28612.0,1.0,4.0,diesel,automatic,2179.0,2017-02-16 20:40:00.000,1419.0
501,501,1.0,75937.0,23393.0,1.0,5.0,gas,automatic,9730.0,2017-02-16 20:40:33.600,8459.0
502,502,11.0,151686.0,30471.0,1.0,4.0,gas,manual,3527.0,2017-02-16 20:41:07.200,2383.0
503,503,11.0,173134.0,21141.0,1.0,4.0,diesel,manual,1836.0,2017-02-16 20:41:40.800,1792.0
504,504,14.0,122808.0,36139.0,1.0,5.0,electric,manual,4270.0,2017-02-16 20:42:14.400,5544.0
505,505,10.0,153255.0,40019.0,4.0,4.0,gas,manual,2486.0,2017-02-16 20:42:48.000,1745.0
506,506,12.0,25501.0,41307.0,3.0,2.0,gas,manual,7370.0,2017-02-16 20:43:21.600,7664.0
507,507,10.0,110817.0,27950.0,1.0,4.0,electric,manual,5742.0,2017-02-16 20:43:55.200,4136.0
508,508,2.0,20715.0,29821.0,4.0,5.0,gas,manual,7568.0,2017-02-16 20:44:28.800,6001.0
509,509,19.0,136529.0,38951.0,2.0,4.0,diesel,manual,1625.0,2017-02-16 20:45:02.400,844.0
510,510,3.0,181349.0,26566.0,3.0,3.0,diesel,automatic,2441.0,2017-02-16 20:45:36.000,2843.0
511,511,8.0,55226.0,39665.0,1.0,5.0,diesel,manual,8751.0,2017-02-16 20:46:09.600,9058.0
512,512,5.0,18806.0,31963.0,5.0,4.0,diesel,manual,5029.0,2017-02-16 20:46:43.200,5399.0
513,513,12.0,69139.0,35989.0,1.0,2.0,gas,manual,7762.0,2017-02-16 20:47:16.800,9180.0
514,514,16.0,137938.0,26186.0,2.0,3.0,gas,automatic,1658.0,2017-02-16 20:47:50.400,1227.0
515,515,5.0,107806.0,32549.0,4.0,3.0,diesel,manual,3425.0,2017-02-16 20:48:24.000,4409.0
516,516,5.0,94790.0,47085.0,3.0,4.0,diesel,automatic,5875.0,2017-02-16 20:48:57.600,5389.0
517,517,10.0,183784.0,31128.0,1.0,3.0,gas,manual,3624.0,2017-02-16 20:49:31.200,4773.0
518,518,7.0,21377.0,18641.0,2.0,4.0,electric,automatic,5260.0,2017-02-16 20:50:04.800,6495.0
519,519,7.0,140782.0,26771.0,1.0,4.0,gas,manual,4531.0,2017-02-16 20:50:38.400,5307.0
520,520,13.0,38221.0,39702.0,4.0,5.0,diesel,manual,2871.0,2017-02-16 20:51:12.000,2539.0
521,521,4.0,137457.0,27544.0,3.0,5.0,gas,automatic,3176.0,2017-02-16 20:51:45.600,2984.0
522,522,4.0,45817.0,20371.0,4.0,5.0,gas,automatic,3469.0,2017-02-16 20:52:19.200,3114.0
523,523,11.0,64140.0,41465.0,1.0,5.0,diesel,manual,6370.0,2017-02-16 20:52:52.800,4838.0
524,524,10.0,25101.0,43259.0,1.0,4.0,gas,manual,12064.0,2017-02-16 20:53:26.400,15743.0
525,525,11.0,24227.0,29163.0,2.0,3.0,gas,manual,6283.0,2017-02-16 20:54:00.000,6873.0
526,526,6.0,97848.0,24664.0,1.0,4.0,gas,manual,6583.0,2017-02-16 20:54:33.600,4729.0
527,527,5.0,163437.0,32983.0,1.0,2.0,gas,manual,7190.0,2017-02-16 20:55:07.200,6335.0
528,528,3.0,84345.0,26038.0,1.0,4.0,diesel,automatic,7634.0,2017-02-16 20:55:40.800,7930.0
529,529,5.0,134464.0,38303.0,3.0,2.0,gas,manual,6155.0,2017-02-16 20:56:14.400,8377.0
530,530,11.0,72127.0,25912.0,4.0,4.0,gas,manual,2201.0,2017-02-16 20:56:48.000,3149.0
531,531,10.0,94931.0,27117.0,1.0,2.0,gas,manual,5734.0,2017-02-16 20:57:21.600,4816.0
532,532,11.0,101101.0,38148.0,1.0,4.0,diesel,manual,5587.0,2017-02-16 20:57:55.200,7355.0
533,533,14.0,167316.0,26290.0,5.0,4.0,diesel,manual,631.0,2017-02-16 20:58:28.800,371.0
534,534,12.0,56419.0,39759.0,5.0,4.0,gas,automatic,2421.0,2017-02-16 20:59:02.400,1461.0
535,535,7.0,107155.0,42962.0,4.0,2.0,diesel,manual,4494.0,2017-02-16 20:59:36.000,4625.0
536,536,16.0,154543.0,45103.0,2.0,4.0,diesel,manual,2351.0,2017-02-16 21:00:09.600,2177.0
537,537,15.0,11357.0,33671.0,1.0,5.0,electric,manual,7415.0,2017-02-16 21:00:43.200,5846.0
538,538,17.0,139069.0,46826.0,2.0,4.0,diesel,manual,2306.0,2017-02-16 21:01:16.800,2311.0
539,539,6.0,12367.0,42930.0,2.0,3.0,electric,automatic,14544.0,2017-02-16 21:01:50.400,16071.0
540,540,13.0,66867.0,47298.0,1.0,5.0,electric,manual,8442.0,2017-02-16 21:02:24.000,11251.0
541,541,5.0,47585.0,36557.0,1.0,3.0,diesel,manual,13172.0,2017-02-16 21:02:57.600,10694.0
542,542,6.0,117982.0,32216.0,2.0,4.0,gas,automatic,4661.0,2017-02-16 21:03:31.200,6306.0
543,543,11.0,109395.0,40872.0,2.0,4.0,diesel,automatic,3401.0,2017-02-16 21:04:04.800,4534.0
544,544,14.0,89071.0,41643.0,2.0,5.0,gas,manual,4065.0,2017-02-16 21:04:38.400,3061.0
545,545,18.0,42934.0,30189.0,3.0,5.0,gas,manual,1968.0,2017-02-16 21:05:12.000,2040.0
546,546,14.0,77362.0,35815.0,2.0,2.0,gas,automatic,4132.0,2017-02-16 21:05:45.600,3158.0
547,547,8.0,17280.0,27917.0,2.0,2.0,gas,manual,8432.0,2017-02-16 21:06:19.200,8204.0
548,548,3.0,155331.0,44599.0,1.0,2.0,diesel,manual,9798.0,2017-02-16 21:06:52.800,9715.0
549,549,19.0,60743.0,39310.0,1.0,5.0,gas,manual,3706.0,2017-02-16 21:07:26.400,4915.0
550,550,9.0,60948.0,39305.0,3.0,5.0,gas,automatic,4661.0,2017-02-16 21:08:00.000,6299.0
551,551,9.0,167132.0,23860.0,3.0,5.0,gas,manual,1632.0,2017-02-16 21:08:33.600,1207.0
552,552,10.0,96054.0,37560.0,2.0,5.0,diesel,automatic,3385.0,2017-02-16 21:09:07.200,3509.0
553,553,20.0,152861.0,37857.0,1.0,4.0,gas,manual,2313.0,2017-02-16 21:09:40.800,1152.0
554,554,18.0,154116.0,24061.0,1.0,5.0,diesel,automatic,831.0,2017-02-16 21:10:14.400,1020.0
555,555,5.0,55827.0,41029.0,1.0,5.0,diesel,automatic,11813.0,2017-02-16 21:10:48.000,9639.0
556,556,16.0,162372.0,46923.0,1.0,4.0,electric,manual,4567.0,2017-02-16 21:11:21.600,5903.0
557,557,7.0,138998.0,23604.0,1.0,5.0,gas,manual,3830.0,2017-02-16 21:11:55.200,5392.0
558,558,14.0,155340.0,17533.0,2.0,5.0,gas,automatic,1085.0,2017-02-16 21:12:28.800,806.0
559,559,15.0,142094.0,29167.0,1.0,2.0,gas,manual,3428.0,2017-02-16 21:13:02.400,2698.0
560,560,10.0,71216.0,26109.0,2.0,2.0,electric,manual,6098.0,2017-02-16 21:13:36.000,6353.0
561,561,6.0,51145.0,43357.0,4.0,4.0,diesel,manual,5638.0,2017-02-16 21:14:09.600,4646.0
562,562,8.0,80212.0,24170.0,2.0,4.0,gas,automatic,4342.0,2017-02-16 21:14:43.200,4551.0
563,563,6.0,69077.0,35788.0,2.0,2.0,gas,manual,9532.0,2017-02-16 21:15:16.800,8374.0
564,564,1.0,131676.0,36118.0,1.0,4.0,gas,manual,11152.0,2017-02-16 21:15:50.400,10476.0
565,565,13.0,80354.0,32463.0,1.0,5.0,electric,manual,5579.0,2017-02-16 21:16:24.000,6293.0
566,566,13.0,173613.0,29201.0,1.0,4.0,electric,manual,3153.0,2017-02-16 21:16:57.600,4581.0
567,567,13.0,194766.0,28780.0,1.0,4.0,gas,manual,2381.0,2017-02-16 21:17:31.200,2788.0
568,568,3.0,48698.0,37999.0,1.0,5.0,electric,automatic,15686.0,2017-02-16 21:18:04.800,18828.0
569,569,10.0,141628.0,29286.0,3.0,3.0,gas,manual,2786.0,2017-02-16 21:18:38.400,1736.0
570,570,12.0,189158.0,37603.0,3.0,4.0,electric,manual,2397.0,2017-02-16 21:19:12.000,2062.0
571,571,13.0,189420.0,32472.0,3.0,5.0,diesel,automatic,843.0,2017-02-16 21:19:45.600,841.0
572,572,6.0,75552.0,35335.0,1.0,4.0,electric,automatic,10878.0,2017-02-16 21:20:19.200,9209.0
573,573,11.0,107494.0,35441.0,2.0,5.0,gas,manual,3863.0,2017-02-16 21:20:52.800,4528.0
574,574,12.0,172850.0,33292.0,3.0,5.0,gas,manual,1717.0,2017-02-16 21:21:26.400,1856.0
575,575,6.0,120687.0,40683.0,4.0,4.0,electric,manual,5126.0,2017-02-16 21:22:00.000,5391.0
576,576,12.0,21845.0,29235.0,4.0,3.0,diesel,automatic,2392.0,2017-02-16 21:22:33.600,2307.0
577,577,8.0,126372.0,27060.0,1.0,4.0,gas,manual,4813.0,2017-02-16 21:23:07.200,4525.0
578,578,12.0,9779.0,22841.0,1.0,4.0,electric,manual,7198.0,2017-02-16 21:23:40.800,7934.0
579,579,17.0,40031.0,37458.0,3.0,4.0,diesel,manual,2667.0,2017-02-16 21:24:14.400,3486.0
580,580,14.0,53903.0,19671.0,1.0,4.0,diesel,manual,2880.0,2017-02-16 21:24:48.000,4069.0
581,581,15.0,24828.0,33954.0,1.0,4.0,gas,manual,6139.0,2017-02-16 21:25:21.600,8402.0
582,582,19.0,47356.0,33689.0,3.0,4.0,diesel,manual,1885.0,2017-02-16 21:25:55.200,2408.0
583,583,3.0,79535.0,39880.0,1.0,3.0,diesel,manual,13716.0,2017-02-16 21:26:28.800,15638.0
584,584,14.0,64096.0,44080.0,5.0,5.0,gas,manual,2329.0,2017-02-16 21:27:02.400,3090.0
585,585,7.0,31198.0,42010.0,1.0,4.0,gas,manual,14647.0,2017-02-16 21:27:36.000,12722.0
586,586,7.0,61923.0,36219.0,1.0,5.0,gas,manual,9731.0,2017-02-16 21:28:09.600,11137.0
587,587,16.0,49032.0,40772.0,3.0,5.0,gas,manual,3209.0,2017-02-16 21:28:43.200,3465.0
588,588,10.0,169264.0,21404.0,2.0,3.0,gas,manual,2272.0,2017-02-16 21:29:16.800,1417.0
589,589,2.0,111342.0,29035.0,2.0,3.0,electric,manual,9124.0,2017-02-16 21:29:50.400,8176.0
590,590,11.0,21435.0,30193.0,1.0,4.0,diesel,automatic,6705.0,2017-02-16 21:30:24.000,7105.0
591,591,12.0,110665.0,38603.0,2.0,4.0,electric,automatic,4358.0,2017-02-16 21:30:57.600,4904.0
592,592,7.0,174087.0,32783.0,1.0,3.0,gas,manual,4973.0,2017-02-16 21:31:31.200,5022.0
593,593,9.0,160020.0,27203.0,2.0,5.0,diesel,manual,2158.0,2017-02-16 21:32:04.800,2025.0
594,594,12.0,63568.0,30708.0,4.0,4.0,diesel,automatic,1631.0,2017-02-16 21:32:38.400,2524.0
595,595,13.0,134081.0,32112.0,1.0,2.0,gas,automatic,4038.0,2017-02-16 21:33:12.000,5014.0
596,596,17.0,140422.0,36561.0,1.0,5.0,diesel,manual,2005.0,2017-02-16 21:33:45.600,2273.0
597,597,11.0,133458.0,36272.0,2.0,5.0,gas,automatic,2975.0,2017-02-16 21:34:19.200,2026.0
598,598,2.0,165656.0,32041.0,2.0,4.0,gas,manual,5761.0,2017-02-16 21:34:52.800,5077.0
599,599,7.0,13039.0,24175.0,3.0,5.0,diesel,manual,4910.0,2017-02-16 21:35:26.400,5214.0
600,600,12.0,38620.0,38906.0,1.0,4.0,gas,automatic,8002.0,2017-02-16 21:36:00.000,6028.0
601,601,20.0,56616.0,35819.0,1.0,5.0,gas,manual,3212.0,2017-02-16 21:36:33.600,2446.0
602,602,12.0,138580.0,19582.0,2.0,3.0,diesel,manual,1683.0,2017-02-16 21:37:07.200,2354.0
603,603,17.0,46364.0,35694.0,1.0,4.0,diesel,manual,4277.0,2017-02-16 21:37:40.800,5286.0
604,604,6.0,94616.0,29041.0,2.0,4.0,diesel,automatic,4593.0,2017-02-16 21:38:14.400,3661.0
605,605,1.0,137870.0,22420.0,3.0,2.0,gas,manual,4659.0,2017-02-16 21:38:48.000,3744.0
606,606,8.0,162688.0,35989.0,2.0,3.0,diesel,manual,3589.0,2017-02-16 21:39:21.600,3245.0
607,607,16.0,191078.0,42200.0,2.0,5.0,gas,automatic,1305.0,2017-02-16 21:39:55.200,1007.0
608,608,20.0,10880.0,35039.0,1.0,4.0,diesel,manual,3958.0,2017-02-16 21:40:28.800,3608.0
609,609,11.0,80401.0,23746.0,3.0,5.0,gas,manual,2309.0,2017-02-16 21:41:02.400,2146.0
610,610,4.0,104409.0,21100.0,1.0,4.0,electric,automatic,6423.0,2017-02-16 21:41:36.000,6552.0
611,611,18.0,133842.0,33445.0,2.0,3.0,gas,manual,2076.0,2017-02-16 21:42:09.600,1967.0
612,612,16.0,61128.0,35504.0,1.0,5.0,gas,manual,4566.0,2017-02-16 21:42:43.200,5520.0
613,613,14.0,63782.0,34560.0,2.0,3.0,electric,manual,5319.0,2017-02-16 21:43:16.800,4817.0
614,614,9.0,36562.0,38465.0,2.0,4.0,diesel,manual,7511.0,2017-02-16 21:43:50.400,7792.0
615,615,16.0,13884.0,44081.0,2.0,4.0,diesel,manual,5722.0,2017-02-16 21:44:24.000,7612.0
616,616,11.0,86759.0,32586.0,2.0,2.0,gas,manual,5388.0,2017-02-16 21:44:57.600,6676.0
617,617,10.0,80944.0,25979.0,2.0,4.0,gas,automatic,3542.0,2017-02-16 21:45:31.200,3773.0
618,618,13.0,164899.0,35776.0,1.0,4.0,electric,manual,4076.0,2017-02-16 21:46:04.800,4255.0
619,619,3.0,169928.0,30485.0,3.0,4.0,diesel,manual,3061.0,2017-02-16 21:46:38.400,4445.0
620,620,15.0,62916.0,27677.0,3.0,4.0,electric,automatic,2832.0,2017-02-16 21:47:12.000,3224.0
621,621,16.0,9173.0,27352.0,4.0,4.0,electric,manual,3149.0,2017-02-16 21:47:45.600,2622.0
622,622,11.0,139413.0,37139.0,1.0,5.0,gas,manual,4338.0,2017-02-16 21:48:19.200,6133.0
623,623,11.0,123822.0,47466.0,3.0,3.0,diesel,automatic,2801.0,2017-02-16 21:48:52.800,3924.0
624,624,4.0,193707.0,27858.0,2.0,4.0,gas,automatic,3084.0,2017-02-16 21:49:26.400,2325.0
625,625,11.0,96329.0,30743.0,4.0,4.0,diesel,automatic,1252.0,2017-02-16 21:50:00.000,1696.0
626,626,4.0,110223.0,36829.0,1.0,5.0,gas,manual,9488.0,2017-02-16 21:50:33.600,10994.0
627,627,7.0,130086.0,45259.0,1.0,2.0,diesel,manual,8767.0,2017-02-16 21:51:07.200,8633.0
628,628,20.0,193098.0,38386.0,2.0,4.0,electric,automatic,1538.0,2017-02-16 21:51:40.800,2336.0
629,629,10.0,100816.0,27894.0,1.0,4.0,gas,manual,4933.0,2017-02-16 21:52:14.400,5766.0
630,630,11.0,73594.0,20142.0,5.0,3.0,electric,automatic,1822.0,2017-02-16 21:52:48.000,1632.0
631,631,15.0,149103.0,37074.0,3.0,4.0,gas,manual,2193.0,2017-02-16 21:53:21.600,2926.0
632,632,5.0,159259.0,26035.0,2.0,4.0,electric,manual,4454.0,2017-02-16 21:53:55.200,3593.0
633,633,12.0,176455.0,44082.0,2.0,5.0,gas,manual,3110.0,2017-02-16 21:54:28.800,4017.0
634,634,14.0,50174.0,33149.0,1.0,5.0,gas,automatic,4709.0,2017-02-16 21:55:02.400,4583.0
635,635,16.0,128326.0,44664.0,2.0,4.0,gas,manual,3159.0,2017-02-16 21:55:36.000,3444.0
636,636,8.0,124756.0,44637.0,1.0,5.0,diesel,automatic,5620.0,2017-02-16 21:56:09.600,7868.0
637,637,8.0,38151.0,36791.0,2.0,4.0,electric,manual,10361.0,2017-02-16 21:56:43.200,8452.0
638,638,5.0,46093.0,28212.0,2.0,4.0,gas,manual,8120.0,2017-02-16 21:57:16.800,8663.0
639,639,18.0,33791.0,41680.0,2.0,4.0,diesel,manual,3628.0,2017-02-16 21:57:50.400,4542.0
640,640,8.0,133321.0,36342.0,1.0,4.0,gas,manual,6498.0,2017-02-16 21:58:24.000,6894.0
641,641,4.0,122032.0,26145.0,1.0,4.0,diesel,manual,5748.0,2017-02-16 21:58:57.600,4300.0
642,642,18.0,10875.0,25254.0,2.0,5.0,gas,manual,2720.0,2017-02-16 21:59:31.200,3654.0
643,643,15.0,118542.0,33842.0,4.0,2.0,gas,manual,2309.0,2017-02-16 22:00:04.800,2147.0
644,644,11.0,125220.0,24301.0,3.0,2.0,gas,automatic,2069.0,2017-02-16 22:00:38.400,3307.0
645,645,13.0,74589.0,25505.0,3.0,5.0,gas,manual,2143.0,2017-02-16 22:01:12.000,2453.0
646,646,16.0,76472.0,37004.0,1.0,2.0,diesel,manual,5004.0,2017-02-16 22:01:45.600,4920.0
647,647,19.0,161078.0,32483.0,2.0,5.0,electric,manual,2009.0,2017-02-16 22:02:19.200,2952.0
648,648,13.0,86505.0,37435.0,1.0,4.0,gas,manual,5719.0,2017-02-16 22:02:52.800,6279.0
649,649,15.0,110052.0,25110.0,3.0,4.0,diesel,manual,1408.0,2017-02-16 22:03:26.400,2031.0
650,650,3.0,88728.0,31218.0,1.0,4.0,diesel,manual,9287.0,2017-02-16 22:04:00.000,11092.0
651,651,6.0,24904.0,23113.0,2.0,3.0,gas,automatic,6333.0,2017-02-16 22:04:33.600,6332.0
652,652,2.0,32994.0,21278.0,1.0,3.0,gas,manual,12280.0,2017-02-16 22:05:07.200,11016.0
653,653,6.0,117208.0,21438.0,4.0,4.0,gas,manual,2265.0,2017-02-16 22:05:40.800,2339.0
654,654,5.0,128419.0,31603.0,3.0,5.0,diesel,automatic,2863.0,2017-02-16 22:06:14.400,2703.0
655,655,11.0,122528.0,38616.0,3.0,3.0,diesel,manual,3036.0,2017-02-16 22:06:48.000,4388.0
656,656,7.0,44109.0,25619.0,3.0,4.0,gas,manual,5264.0,2017-02-16 22:07:21.600,4388.0
657,657,20.0,185265.0,45353.0,3.0,5.0,diesel,automatic,459.0,2017-02-16 22:07:55.200,327.0
658,658,3.0,107426.0,24720.0,1.0,3.0,gas,automatic,7255.0,2017-02-16 22:08:28.800,7039.0
659,659,8.0,111786.0,38536.0,1.0,3.0,diesel,manual,6676.0,2017-02-16 22:09:02.400,4993.0
660,660,7.0,29523.0,32265.0,3.0,2.0,gas,manual,8007.0,2017-02-16 22:09:36.000,9719.0
661,661,7.0,105344.0,33711.0,1.0,5.0,diesel,manual,5889.0,2017-02-16 22:10:09.600,4587.0
662,662,9.0,83051.0,39809.0,1.0,5.0,diesel,manual,7069.0,2017-02-16 22:10:43.200,6562.0
663,663,6.0,127213.0,38205.0,4.0,5.0,electric,automatic,3820.0,2017-02-16 22:11:16.800,2949.0
664,664,6.0,173124.0,24886.0,2.0,5.0,diesel,manual,2336.0,2017-02-16 22:11:50.400,1519.0
665,665,8.0,132439.0,25703.0,2.0,5.0,diesel,manual,2462.0,2017-02-16 22:12:24.000,2038.0
666,666,12.0,17411.0,29282.0,1.0,5.0,electric,manual,7813.0,2017-02-16 22:12:57.600,8033.0
667,667,12.0,89765.0,30608.0,1.0,5.0,electric,automatic,4717.0,2017-02-16 22:13:31.200,6188.0
668,668,15.0,83225.0,18940.0,1.0,5.0,gas,automatic,2041.0,2017-02-16 22:14:04.800,1744.0
669,669,9.0,145371.0,34692.0,2.0,4.0,diesel,automatic,2573.0,2017-02-16 22:14:38.400,2021.0
670,670,10.0,105080.0,46876.0,2.0,4.0,electric,manual,8043.0,2017-02-16 22:15:12.000,10245.0
671,671,9.0,125657.0,24131.0,3.0,5.0,gas,manual,2078.0,2017-02-16 22:15:45.600,3186.0
672,672,3.0,67502.0,44335.0,2.0,4.0,diesel,automatic,10711.0,2017-02-16 22:16:19.200,12055.0
673,673,3.0,162998.0,36598.0,1.0,5.0,electric,manual,8797.0,2017-02-16 22:16:52.800,9746.0
674,674,6.0,36423.0,38904.0,1.0,3.0,diesel,manual,12920.0,2017-02-16 22:17:26.400,13990.0
675,675,9.0,137485.0,19839.0,2.0,4.0,diesel,manual,1834.0,2017-02-16 22:18:00.000,2234.0
676,676,17.0,167415.0,41500.0,1.0,2.0,gas,manual,3363.0,2017-02-16 22:18:33.600,3700.0
677,677,8.0,88617.0,30529.0,2.0,4.0,diesel,manual,4864.0,2017-02-16 22:19:07.200,4263.0
678,678,18.0,126885.0,30569.0,2.0,3.0,electric,manual,3049.0,2017-02-16 22:19:40.800,3305.0
679,679,6.0,179458.0,20546.0,4.0,3.0,gas,manual,1770.0,2017-02-16 22:20:14.400,1073.0
680,680,11.0,118858.0,35091.0,2.0,4.0,gas,manual,4367.0,2017-02-16 22:20:48.000,5741.0
681,681,11.0,109031.0,30082.0,3.0,4.0,gas,manual,2686.0,2017-02-16 22:21:21.600,2176.0
682,682,1.0,64879.0,40310.0,5.0,2.0,gas,manual,7558.0,2017-02-16 22:21:55.200,6873.0
683,683,12.0,147313.0,28537.0,2.0,4.0,electric,automatic,2834.0,2017-02-16 22:22:28.800,2591.0
684,684,1.0,27890.0,28148.0,1.0,4.0,diesel,manual,15023.0,2017-02-16 22:23:02.400,16185.0
685,685,11.0,154687.0,32622.0,2.0,5.0,gas,automatic,2271.0,2017-02-16 22:23:36.000,1912.0
686,686,10.0,71692.0,30205.0,1.0,4.0,diesel,manual,5847.0,2017-02-16 22:24:09.600,5145.0
687,687,8.0,165114.0,35354.0,2.0,5.0,diesel,manual,2900.0,2017-02-16 22:24:43.200,3727.0
688,688,1.0,154883.0,31696.0,1.0,5.0,gas,manual,7951.0,2017-02-16 22:25:16.800,7831.0
689,689,13.0,139268.0,32744.0,1.0,4.0,electric,manual,4581.0,2017-02-16 22:25:50.400,4214.0
690,690,12.0,124958.0,32573.0,1.0,4.0,electric,automatic,4646.0,2017-02-16 22:26:24.000,3231.0
691,691,8.0,86501.0,25246.0,1.0,4.0,diesel,manual,5098.0,2017-02-16 22:26:57.600,4322.0
692,692,10.0,79251.0,40170.0,1.0,5.0,gas,automatic,7016.0,2017-02-16 22:27:31.200,8211.0
693,693,18.0,138223.0,36400.0,2.0,5.0,gas,automatic,1433.0,2017-02-16 22:28:04.800,2630.0
694,694,13.0,53563.0,35807.0,4.0,5.0,diesel,manual,2341.0,2017-02-16 22:28:38.400,1574.0
695,695,7.0,167921.0,26582.0,1.0,3.0,diesel,automatic,3072.0,2017-02-16 22:29:12.000,4298.0
696,696,12.0,3288.0,27382.0,1.0,5.0,gas,manual,6953.0,2017-02-16 22:29:45.600,8784.0
697,697,15.0,81914.0,30069.0,1.0,3.0,gas,manual,4510.0,2017-02-16 22:30:19.200,5159.0
698,698,6.0,48922.0,43751.0,1.0,4.0,diesel,manual,13038.0,2017-02-16 22:30:52.800,10790.0
699,699,11.0,84321.0,43037.0,1.0,5.0,gas,automatic,6241.0,2017-02-16 22:31:26.400,5376.0
700,700,10.0,162960.0,23391.0,2.0,4.0,gas,manual,2124.0,2017-02-16 22:32:00.000,1904.0
701,701,11.0,126440.0,28512.0,1.0,4.0,gas,manual,4155.0,2017-02-16 22:32:33.600,2631.0
702,702,12.0,106807.0,37985.0,1.0,3.0,gas,manual,6337.0,2017-02-16 22:33:07.200,4323.0
703,703,3.0,57188.0,39439.0,1.0,4.0,electric,automatic,16055.0,2017-02-16 22:33:40.800,15873.0
704,704,14.0,59580.0,41762.0,2.0,4.0,diesel,manual,4412.0,2017-02-16 22:34:14.400,2921.0
705,705,12.0,14984.0,35364.0,1.0,4.0,gas,manual,8852.0,2017-02-16 22:34:48.000,11388.0
706,706,19.0,179206.0,41658.0,1.0,4.0,gas,manual,2220.0,2017-02-16 22:35:21.600,2207.0
707,707,7.0,140437.0,29573.0,1.0,2.0,gas,manual,5961.0,2017-02-16 22:35:55.200,7170.0
708,708,12.0,136992.0,44190.0,1.0,4.0,diesel,manual,4780.0,2017-02-16 22:36:28.800,4147.0
709,709,2.0,163397.0,29224.0,1.0,5.0,electric,manual,7521.0,2017-02-16 22:37:02.400,7485.0
710,710,3.0,158477.0,37893.0,3.0,5.0,gas,automatic,4230.0,2017-02-16 22:37:36.000,5225.0
711,711,13.0,178362.0,29251.0,1.0,5.0,gas,manual,2344.0,2017-02-16 22:38:09.600,1335.0
712,712,13.0,50727.0,39955.0,1.0,3.0,gas,manual,8224.0,2017-02-16 22:38:43.200,10683.0
713,713,17.0,74204.0,22437.0,1.0,5.0,gas,manual,2362.0,2017-02-16 22:39:16.800,1734.0
714,714,18.0,137528.0,25925.0,1.0,5.0,gas,manual,1728.0,2017-02-16 22:39:50.400,2031.0
715,715,7.0,84312.0,41053.0,1.0,4.0,gas,automatic,9884.0,2017-02-16 22:40:24.000,10836.0
716,716,14.0,126580.0,25510.0,1.0,4.0,diesel,manual,2336.0,2017-02-16 22:40:57.600,1720.0
717,717,6.0,71630.0,25778.0,1.0,3.0,gas,manual,8440.0,2017-02-16 22:41:31.200,7118.0
718,718,6.0,37546.0,39910.0,1.0,5.0,diesel,manual,11876.0,2017-02-16 22:42:04.800,13600.0
719,719,8.0,128739.0,24418.0,2.0,3.0,diesel,manual,3289.0,2017-02-16 22:42:38.400,3770.0
720,720,6.0,48596.0,42655.0,2.0,3.0,gas,automatic,11065.0,2017-02-16 22:43:12.000,8838.0
721,721,18.0,107547.0,19136.0,4.0,5.0,diesel,automatic,500.0,2017-02-16 22:43:45.600,164.0
722,722,10.0,69428.0,36651.0,1.0,3.0,electric,manual,9603.0,2017-02-16 22:44:19.200,8747.0
723,723,17.0,43747.0,29458.0,2.0,5.0,electric,automatic,3300.0,2017-02-16 22:44:52.800,3023.0
724,724,6.0,136364.0,38289.0,1.0,3.0,diesel,manual,6840.0,2017-02-16 22:45:26.400,6938.0
725,725,13.0,61088.0,25136.0,4.0,4.0,gas,manual,2293.0,2017-02-16 22:46:00.000,1912.0
726,726,13.0,101925.0,42660.0,2.0,4.0,gas,manual,4856.0,2017-02-16 22:46:33.600,4007.0
727,727,5.0,109699.0,32863.0,2.0,3.0,diesel,automatic,5075.0,2017-02-16 22:47:07.200,5595.0
728,728,13.0,178869.0,38465.0,2.0,4.0,electric,manual,3159.0,2017-02-16 22:47:40.800,2481.0
729,729,8.0,59906.0,31229.0,1.0,3.0,diesel,manual,8008.0,2017-02-16 22:48:14.400,7455.0
730,730,15.0,166791.0,36527.0,2.0,5.0,gas,manual,1981.0,2017-02-16 22:48:48.000,3180.0
731,731,16.0,153418.0,29360.0,3.0,4.0,gas,manual,1674.0,2017-02-16 22:49:21.600,869.0
732,732,6.0,67057.0,39100.0,3.0,4.0,gas,manual,7149.0,2017-02-16 22:49:55.200,7451.0
733,733,2.0,77777.0,44181.0,2.0,5.0,gas,automatic,12321.0,2017-02-16 22:50:28.800,11330.0
734,734,13.0,11379.0,38767.0,1.0,3.0,gas,manual,9739.0,2017-02-16 22:51:02.400,11903.0
735,735,5.0,147269.0,27645.0,1.0,2.0,gas,manual,6545.0,2017-02-16 22:51:36.000,6009.0
736,736,10.0,147307.0,21961.0,1.0,4.0,electric,manual,3621.0,2017-02-16 22:52:09.600,3570.0
737,737,9.0,156121.0,28560.0,3.0,3.0,gas,manual,2620.0,2017-02-16 22:52:43.200,2799.0
738,738,15.0,121710.0,37735.0,5.0,5.0,diesel,manual,1018.0,2017-02-16 22:53:16.800,1186.0
739,739,4.0,106088.0,34361.0,4.0,4.0,gas,manual,4518.0,2017-02-16 22:53:50.400,3040.0
740,740,3.0,64625.0,31099.0,3.0,4.0,gas,manual,7326.0,2017-02-16 22:54:24.000,9276.0
741,741,12.0,169638.0,31393.0,1.0,4.0,diesel,automatic,1859.0,2017-02-16 22:54:57.600,1345.0
742,742,16.0,31487.0,40004.0,1.0,3.0,gas,automatic,6283.0,2017-02-16 22:55:31.200,7213.0
743,743,6.0,42981.0,21901.0,4.0,4.0,diesel,manual,3161.0,2017-02-16 22:56:04.800,2442.0
744,744,4.0,172449.0,32311.0,1.0,4.0,gas,automatic,5222.0,2017-02-16 22:56:38.400,7347.0
745,745,12.0,155713.0,28060.0,1.0,4.0,gas,automatic,2409.0,2017-02-16 22:57:12.000,2916.0
746,746,14.0,70707.0,34265.0,1.0,3.0,gas,automatic,5165.0,2017-02-16 22:57:45.600,4429.0
747,747,9.0,51193.0,45735.0,2.0,4.0,diesel,manual,8037.0,2017-02-16 22:58:19.200,7157.0
748,748,1.0,79301.0,32800.0,4.0,4.0,gas,manual,6410.0,2017-02-16 22:58:52.800,7867.0
749,749,12.0,120364.0,25363.0,2.0,3.0,gas,manual,3195.0,2017-02-16 22:59:26.400,3962.0
750,750,4.0,102405.0,21586.0,3.0,4.0,diesel,manual,3187.0,2017-02-16 23:00:00.000,3285.0
751,751,17.0,79273.0,41081.0,2.0,5.0,electric,manual,4261.0,2017-02-16 23:00:33.600,2658.0
752,752,7.0,133319.0,42513.0,1.0,3.0,diesel,manual,7435.0,2017-02-16 23:01:07.200,7616.0
753,753,11.0,72451.0,46571.0,3.0,3.0,gas,manual,6087.0,2017-02-16 23:01:40.800,5170.0
754,754,11.0,128118.0,31796.0,2.0,5.0,electric,manual,4114.0,2017-02-16 23:02:14.400,4365.0
755,755,6.0,58545.0,27430.0,1.0,5.0,gas,manual,8269.0,2017-02-16 23:02:48.000,10101.0
756,756,13.0,65260.0,46530.0,1.0,4.0,diesel,manual,6437.0,2017-02-16 23:03:21.600,6673.0
757,757,4.0,58324.0,41728.0,1.0,5.0,diesel,automatic,12342.0,2017-02-16 23:03:55.200,15056.0
758,758,4.0,75952.0,40333.0,3.0,5.0,diesel,automatic,5994.0,2017-02-16 23:04:28.800,4446.0
759,759,17.0,180933.0,29107.0,4.0,3.0,gas,manual,939.0,2017-02-16 23:05:02.400,1319.0
760,760,14.0,153764.0,41938.0,3.0,5.0,diesel,manual,1600.0,2017-02-16 23:05:36.000,2514.0
761,761,15.0,116817.0,24800.0,3.0,4.0,gas,manual,1603.0,2017-02-16 23:06:09.600,2516.0
762,762,13.0,121956.0,25932.0,5.0,5.0,diesel,automatic,529.0,2017-02-16 23:06:43.200,924.0
763,763,1.0,133497.0,25119.0,2.0,5.0,diesel,automatic,4457.0,2017-02-16 23:07:16.800,3386.0
764,764,10.0,70672.0,34167.0,1.0,5.0,diesel,manual,6001.0,2017-02-16 23:07:50.400,4107.0
765,765,12.0,16854.0,26322.0,2.0,2.0,gas,automatic,5678.0,2017-02-16 23:08:24.000,4313.0
766,766,13.0,139495.0,23828.0,4.0,4.0,gas,automatic,847.0,2017-02-16 23:08:57.600,1570.0
767,767,16.0,8532.0,37160.0,3.0,2.0,gas,manual,5271.0,2017-02-16 23:09:31.200,3704.0
768,768,13.0,100945.0,28818.0,2.0,4.0,gas,manual,3244.0,2017-02-16 23:10:04.800,2108.0
769,769,9.0,37272.0,41514.0,1.0,5.0,electric,automatic,11823.0,2017-02-16 23:10:38.400,12845.0
770,770,20.0,45986.0,45287.0,2.0,5.0,gas,manual,3567.0,2017-02-16 23:11:12.000,5362.0
771,771,10.0,139775.0,27863.0,1.0,5.0,gas,manual,3491.0,2017-02-16 23:11:45.600,2441.0
772,772,7.0,78798.0,23878.0,4.0,5.0,gas,automatic,2683.0,2017-02-16 23:12:19.200,3380.0
773,773,6.0,130324.0,43495.0,2.0,5.0,diesel,manual,5241.0,2017-02-16 23:12:52.800,5422.0
774,774,12.0,74960.0,33373.0,2.0,4.0,gas,manual,4333.0,2017-02-16 23:13:26.400,4800.0
775,775,11.0,34542.0,43886.0,1.0,4.0,gas,automatic,9674.0,2017-02-16 23:14:00.000,12259.0
776,776,2.0,75664.0,28469.0,4.0,5.0,diesel,automatic,3870.0,2017-02-16 23:14:33.600,2745.0
777,777,10.0,172726.0,40225.0,2.0,3.0,electric,manual,4661.0,2017-02-16 23:15:07.200,6237.0
778,778,11.0,94098.0,34004.0,3.0,3.0,electric,manual,4847.0,2017-02-16 23:15:40.800,6304.0
779,779,15.0,184480.0,21921.0,1.0,2.0,gas,automatic,1719.0,2017-02-16 23:16:14.400,1474.0
780,780,16.0,92096.0,37558.0,1.0,4.0,gas,automatic,4092.0,2017-02-16 23:16:48.000,3474.0
781,781,16.0,177006.0,22541.0,2.0,5.0,electric,manual,1468.0,2017-02-16 23:17:21.600,1377.0
782,782,17.0,25346.0,26867.0,3.0,4.0,diesel,manual,1904.0,2017-02-16 23:17:55.200,1788.0
783,783,12.0,164881.0,42087.0,1.0,3.0,diesel,automatic,3313.0,2017-02-16 23:18:28.800,3977.0
784,784,19.0,136069.0,45000.0,2.0,5.0,diesel,manual,1739.0,2017-02-16 23:19:02.400,2161.0
785,785,19.0,108706.0,32527.0,2.0,4.0,gas,manual,2154.0,2017-02-16 23:19:36.000,1881.0
786,786,16.0,171052.0,38185.0,1.0,4.0,gas,manual,2472.0,2017-02-16 23:20:09.600,3588.0
787,787,4.0,121457.0,40385.0,1.0,4.0,gas,automatic,9247.0,2017-02-16 23:20:43.200,10771.0
788,788,10.0,37944.0,40955.0,3.0,4.0,gas,manual,6694.0,2017-02-16 23:21:16.800,6524.0
789,789,18.0,167797.0,28141.0,2.0,5.0,electric,manual,1609.0,2017-02-16 23:21:50.400,861.0
790,790,14.0,166529.0,37770.0,4.0,4.0,gas,manual,1726.0,2017-02-16 23:22:24.000,965.0
791,791,7.0,38210.0,26249.0,4.0,4.0,gas,manual,4440.0,2017-02-16 23:22:57.600,5769.0
792,792,12.0,107004.0,41208.0,3.0,4.0,diesel,manual,2793.0,2017-02-16 23:23:31.200,1970.0
793,793,9.0,54728.0,37426.0,1.0,4.0,gas,manual,9740.0,2017-02-16 23:24:04.800,10162.0
794,794,7.0,120207.0,39926.0,1.0,3.0,gas,manual,8658.0,2017-02-16 23:24:38.400,8171.0
795,795,8.0,131574.0,42649.0,2.0,4.0,gas,manual,6044.0,2017-02-16 23:25:12.000,5682.0
796,796,16.0,68222.0,29768.0,1.0,3.0,gas,automatic,4072.0,2017-02-16 23:25:45.600,4958.0
797,797,18.0,101857.0,32689.0,1.0,4.0,electric,manual,4002.0,2017-02-16 23:26:19.200,2915.0
798,798,10.0,125900.0,34960.0,1.0,2.0,electric,automatic,6603.0,2017-02-16 23:26:52.800,8621.0
799,799,9.0,167834.0,42311.0,1.0,2.0,diesel,automatic,4666.0,2017-02-16 23:27:26.400,4415.0
800,800,14.0,145634.0,30287.0,2.0,5.0,diesel,manual,1763.0,2017-02-16 23:28:00.000,860.0
801,801,4.0,140043.0,45938.0,1.0,3.0,diesel,manual,8974.0,2017-02-16 23:28:33.600,9883.0
802,802,10.0,80825.0,27116.0,3.0,5.0,electric,manual,3735.0,2017-02-16 23:29:07.200,4130.0
803,803,19.0,92430.0,38373.0,1.0,3.0,gas,manual,3891.0,2017-02-16 23:29:40.800,5321.0
804,804,11.0,176569.0,38283.0,2.0,5.0,electric,automatic,2839.0,2017-02-16 23:30:14.400,2321.0
805,805,11.0,125490.0,37620.0,1.0,4.0,electric,manual,6370.0,2017-02-16 23:30:48.000,5302.0
806,806,12.0,156864.0,32674.0,3.0,3.0,electric,manual,3398.0,2017-02-16 23:31:21.600,1970.0
807,807,7.0,51557.0,24915.0,1.0,4.0,gas,automatic,6909.0,2017-02-16 23:31:55.200,6616.0
808,808,15.0,108661.0,40324.0,2.0,4.0,gas,manual,3663.0,2017-02-16 23:32:28.800,2933.0
809,809,11.0,55936.0,39029.0,2.0,2.0,gas,manual,7216.0,2017-02-16 23:33:02.400,9788.0
810,810,9.0,107097.0,44540.0,4.0,5.0,gas,automatic,2698.0,2017-02-16 23:33:36.000,2257.0
811,811,12.0,41159.0,28244.0,1.0,5.0,diesel,manual,5215.0,2017-02-16 23:34:09.600,5229.0
812,812,12.0,106122.0,29737.0,1.0,4.0,diesel,manual,3689.0,2017-02-16 23:34:43.200,4947.0
813,813,12.0,10288.0,33228.0,1.0,3.0,electric,manual,10441.0,2017-02-16 23:35:16.800,8733.0
814,814,6.0,71735.0,39230.0,1.0,5.0,electric,automatic,11558.0,2017-02-16 23:35:50.400,11795.0
815,815,18.0,28159.0,32719.0,1.0,3.0,diesel,manual,4034.0,2017-02-16 23:36:24.000,5852.0
816,816,3.0,30423.0,33418.0,3.0,5.0,gas,manual,9665.0,2017-02-16 23:36:57.600,11715.0
817,817,5.0,142827.0,17518.0,3.0,4.0,gas,automatic,1940.0,2017-02-16 23:37:31.200,1274.0
818,818,2.0,170779.0,42024.0,2.0,4.0,diesel,automatic,5671.0,2017-02-16 23:38:04.800,4428.0
819,819,14.0,14749.0,33775.0,3.0,4.0,gas,manual,4420.0,2017-02-16 23:38:38.400,3229.0
820,820,10.0,102969.0,26508.0,4.0,4.0,diesel,manual,1721.0,2017-02-16 23:39:12.000,1107.0
821,821,19.0,26149.0,41696.0,1.0,3.0,diesel,automatic,4211.0,2017-02-16 23:39:45.600,3769.0
822,822,3.0,34761.0,24474.0,4.0,2.0,gas,manual,6609.0,2017-02-16 23:40:19.200,4851.0
823,823,9.0,80972.0,37880.0,1.0,4.0,gas,manual,8572.0,2017-02-16 23:40:52.800,9255.0
824,824,6.0,65179.0,37984.0,3.0,2.0,gas,automatic,7832.0,2017-02-16 23:41:26.400,8692.0
825,825,12.0,197557.0,39681.0,1.0,4.0,gas,manual,3486.0,2017-02-16 23:42:00.000,3405.0
826,826,1.0,145908.0,41980.0,1.0,5.0,gas,manual,10799.0,2017-02-16 23:42:33.600,13527.0
827,827,8.0,36011.0,35831.0,1.0,4.0,electric,manual,12384.0,2017-02-16 23:43:07.200,14051.0
828,828,18.0,139329.0,25677.0,2.0,2.0,gas,automatic,1585.0,2017-02-16 23:43:40.800,1799.0
829,829,7.0,90797.0,33341.0,2.0,2.0,electric,manual,8264.0,2017-02-16 23:44:14.400,7176.0
830,830,18.0,113033.0,46575.0,2.0,3.0,gas,manual,3556.0,2017-02-16 23:44:48.000,5247.0
831,831,10.0,175268.0,23426.0,2.0,4.0,diesel,manual,1622.0,2017-02-16 23:45:21.600,1081.0
832,832,9.0,122116.0,31893.0,2.0,3.0,diesel,manual,3947.0,2017-02-16 23:45:55.200,2452.0
833,833,9.0,162923.0,41574.0,1.0,5.0,gas,manual,5429.0,2017-02-16 23:46:28.800,7105.0
834,834,17.0,130728.0,24743.0,3.0,4.0,gas,manual,1173.0,2017-02-16 23:47:02.400,1472.0
835,835,4.0,63557.0,33914.0,3.0,2.0,gas,manual,8818.0,2017-02-16 23:47:36.000,8641.0
836,836,10.0,67599.0,33908.0,3.0,5.0,diesel,manual,3096.0,2017-02-16 23:48:09.600,3501.0
837,837,17.0,33576.0,33396.0,2.0,3.0,diesel,manual,3168.0,2017-02-16 23:48:43.200,4947.0
838,838,12.0,70848.0,42924.0,2.0,3.0,gas,manual,6574.0,2017-02-16 23:49:16.800,5873.0
839,839,18.0,136559.0,32291.0,3.0,3.0,electric,manual,2274.0,2017-02-16 23:49:50.400,1385.0
840,840,12.0,84502.0,26561.0,1.0,4.0,electric,manual,5174.0,2017-02-16 23:50:24.000,7084.0
841,841,9.0,101183.0,19609.0,5.0,5.0,gas,automatic,982.0,2017-02-16 23:50:57.600,989.0
842,842,2.0,178926.0,41947.0,1.0,5.0,diesel,manual,7092.0,2017-02-16 23:51:31.200,7265.0
843,843,5.0,122980.0,26871.0,2.0,3.0,diesel,manual,4386.0,2017-02-16 23:52:04.800,5502.0
844,844,16.0,15593.0,37888.0,1.0,2.0,electric,manual,9403.0,2017-02-16 23:52:38.400,11328.0
845,845,9.0,63936.0,22390.0,1.0,5.0,gas,automatic,4283.0,2017-02-16 23:53:12.000,4046.0
846,846,11.0,125356.0,39590.0,2.0,5.0,gas,manual,3882.0,2017-02-16 23:53:45.600,3294.0
847,847,12.0,65644.0,38136.0,1.0,5.0,gas,manual,6563.0,2017-02-16 23:54:19.200,5568.0
848,848,5.0,161096.0,39149.0,2.0,2.0,electric,manual,7877.0,2017-02-16 23:54:52.800,10482.0
849,849,11.0,91028.0,26017.0,5.0,3.0,diesel,manual,1321.0,2017-02-16 23:55:26.400,2413.0
850,850,19.0,69596.0,39587.0,2.0,4.0,electric,automatic,3216.0,2017-02-16 23:56:00.000,3695.0
851,851,11.0,76571.0,22336.0,2.0,3.0,diesel,automatic,2508.0,2017-02-16 23:56:33.600,1826.0
852,852,2.0,58111.0,23678.0,4.0,4.0,diesel,manual,4298.0,2017-02-16 23:57:07.200,3067.0
853,853,12.0,27303.0,42356.0,4.0,3.0,electric,automatic,5734.0,2017-02-16 23:57:40.800,5623.0
854,854,15.0,162350.0,32788.0,1.0,5.0,electric,manual,3199.0,2017-02-16 23:58:14.400,2724.0
855,855,9.0,68434.0,20606.0,2.0,4.0,gas,manual,3622.0,2017-02-16 23:58:48.000,3401.0
856,856,14.0,78468.0,29044.0,1.0,3.0,gas,manual,4630.0,2017-02-16 23:59:21.600,4835.0
857,857,6.0,54888.0,21120.0,1.0,4.0,gas,manual,7202.0,2017-02-16 23:59:55.200,6649.0
